Start_date,End_date,Difference
2015-01-02,2015-01-09,2.6643
2015-01-05,2015-01-12,2.5286999999999997
2015-01-06,2015-01-13,2.4676
2015-01-07,2015-01-14,2.4384999999999994
2015-01-08,2015-01-15,2.5006999999999993
2015-01-09,2015-01-16,2.5024999999999995
2015-01-12,2015-01-19,2.4398999999999997
2015-01-13,2015-01-20,2.436
2015-01-14,2015-01-21,2.4814999999999996
2015-01-15,2015-01-22,2.5587999999999997
2015-01-16,2015-01-23,2.5795999999999992
2015-01-19,2015-01-26,2.5614999999999997
2015-01-20,2015-01-27,2.5710999999999995
2015-01-21,2015-01-28,2.5599999999999996
2015-01-22,2015-01-29,2.5713
2015-01-23,2015-01-30,2.398199999999999
2015-01-26,2015-02-02,2.4043
2015-01-27,2015-02-03,2.3773999999999997
2015-01-28,2015-02-04,2.4193999999999996
2015-01-29,2015-02-05,2.3747999999999996
2015-01-30,2015-02-06,2.3586
2015-02-02,2015-02-09,2.4601999999999995
2015-02-03,2015-02-10,2.5801
2015-02-04,2015-02-11,2.6322
2015-02-05,2015-02-12,2.6026999999999996
2015-02-06,2015-02-13,2.6843999999999992
2015-02-09,2015-02-16,2.532
2015-02-10,2015-02-17,2.5893999999999995
2015-02-11,2015-02-18,2.5694
2015-02-12,2015-02-19,2.4547999999999996
2015-02-13,2015-02-20,2.5688999999999993
2015-02-16,2015-02-23,2.6308
2015-02-17,2015-02-24,2.6624999999999996
2015-02-18,2015-02-25,2.6556999999999995
2015-02-19,2015-02-26,2.5804
2015-02-20,2015-02-27,2.5665999999999993
2015-02-23,2015-03-02,2.5245999999999995
2015-02-24,2015-03-03,2.5584999999999996
2015-02-25,2015-03-04,2.564
2015-02-26,2015-03-05,2.6049999999999995
2015-02-27,2015-03-06,2.5443
2015-03-02,2015-03-09,2.5046999999999997
2015-03-03,2015-03-10,2.4632999999999994
2015-03-04,2015-03-11,2.4282999999999992
2015-03-05,2015-03-12,2.4516999999999998
2015-03-06,2015-03-13,2.3807
2015-03-09,2015-03-16,2.273199999999999
2015-03-10,2015-03-17,2.1266999999999996
2015-03-11,2015-03-18,1.9884000000000004
2015-03-12,2015-03-19,2.0776000000000003
2015-03-13,2015-03-20,2.0136000000000003
2015-03-16,2015-03-23,1.9446999999999992
2015-03-17,2015-03-24,1.9057999999999993
2015-03-18,2015-03-25,1.7698
2015-03-19,2015-03-26,2.0845000000000002
2015-03-20,2015-03-27,2.087299999999999
2015-03-23,2015-03-30,2.266
2015-03-24,2015-03-31,2.3244999999999996
2015-03-25,2015-04-01,2.3499
2015-03-26,2015-04-07,2.3344999999999994
2015-03-27,2015-04-08,2.2090999999999994
2015-03-30,2015-04-09,2.1921999999999997
2015-03-31,2015-04-10,2.0829000000000004
2015-04-01,2015-04-13,2.0923
2015-04-07,2015-04-14,2.1241000000000003
2015-04-08,2015-04-15,2.1843999999999992
2015-04-09,2015-04-16,2.1327
2015-04-10,2015-04-17,2.0238999999999994
2015-04-13,2015-04-20,2.0716
2015-04-14,2015-04-21,2.1432
2015-04-15,2015-04-22,2.218
2015-04-16,2015-04-23,2.3556999999999997
2015-04-17,2015-04-24,2.4074999999999998
2015-04-20,2015-04-27,2.2996
2015-04-21,2015-04-28,2.2985999999999995
2015-04-22,2015-04-29,2.3133
2015-04-23,2015-04-30,2.2666999999999993
2015-04-24,2015-05-04,2.3426
2015-04-27,2015-05-05,2.3785999999999996
2015-04-28,2015-05-06,2.4922999999999993
2015-04-29,2015-05-07,2.5511
2015-04-30,2015-05-08,2.6963
2015-05-04,2015-05-11,2.5835999999999997
2015-05-05,2015-05-12,2.5736999999999997
2015-05-06,2015-05-13,2.6808999999999994
2015-05-07,2015-05-15,2.8061999999999996
2015-05-08,2015-05-18,2.7028999999999996
2015-05-11,2015-05-19,2.6113999999999997
2015-05-12,2015-05-20,2.7032999999999996
2015-05-13,2015-05-21,2.7247999999999992
2015-05-15,2015-05-22,2.7797
2015-05-18,2015-05-26,2.8130999999999995
2015-05-19,2015-05-27,2.6997
2015-05-20,2015-05-28,2.6193
2015-05-21,2015-05-29,2.5976
2015-05-22,2015-06-01,2.6361
2015-05-26,2015-06-02,2.5130999999999997
2015-05-27,2015-06-03,2.4162999999999997
2015-05-28,2015-06-04,2.3796
2015-05-29,2015-06-05,2.3911999999999995
2015-06-01,2015-06-08,2.2169
2015-06-02,2015-06-09,2.3062999999999994
2015-06-03,2015-06-10,2.3454999999999995
2015-06-04,2015-06-11,2.4521999999999995
2015-06-05,2015-06-12,2.3202999999999996
2015-06-08,2015-06-15,2.2642999999999995
2015-06-09,2015-06-16,2.3689999999999998
2015-06-10,2015-06-17,2.4597999999999995
2015-06-11,2015-06-18,2.3500999999999994
2015-06-12,2015-06-19,2.4227999999999996
2015-06-15,2015-06-22,2.4063
2015-06-16,2015-06-23,2.3944
2015-06-17,2015-06-24,2.4372
2015-06-18,2015-06-25,2.4285999999999994
2015-06-19,2015-06-26,2.3614999999999995
2015-06-22,2015-06-29,2.4668
2015-06-23,2015-06-30,2.3846
2015-06-24,2015-07-01,2.3519999999999994
2015-06-25,2015-07-02,2.3556
2015-06-26,2015-07-03,2.3407999999999998
2015-06-29,2015-07-06,2.2620999999999993
2015-06-30,2015-07-07,2.3156
2015-07-01,2015-07-08,2.2954
2015-07-02,2015-07-09,2.2245999999999997
2015-07-03,2015-07-10,2.1966
2015-07-06,2015-07-13,2.0786999999999995
2015-07-07,2015-07-14,1.9544999999999995
2015-07-08,2015-07-15,1.9449000000000005
2015-07-09,2015-07-16,2.0138
2015-07-10,2015-07-17,2.2149
2015-07-13,2015-07-20,2.1142000000000003
2015-07-14,2015-07-21,2.0204000000000004
2015-07-15,2015-07-22,2.0512999999999995
2015-07-16,2015-07-23,2.021099999999999
2015-07-17,2015-07-24,2.0168999999999997
2015-07-20,2015-07-27,1.975299999999999
2015-07-21,2015-07-28,1.9672999999999998
2015-07-22,2015-07-29,2.0097000000000005
2015-07-23,2015-07-30,2.0235000000000003
2015-07-24,2015-07-31,1.9490999999999996
2015-07-27,2015-08-03,1.9954999999999998
2015-07-28,2015-08-04,1.9895999999999994
2015-07-29,2015-08-05,2.0151000000000003
2015-07-30,2015-08-06,2.0090000000000003
2015-07-31,2015-08-07,1.964599999999999
2015-08-03,2015-08-10,1.9535
2015-08-04,2015-08-11,1.9690999999999992
2015-08-05,2015-08-12,1.9068000000000005
2015-08-06,2015-08-13,1.8803
2015-08-07,2015-08-14,1.908999999999999
2015-08-10,2015-08-17,1.9369999999999994
2015-08-11,2015-08-18,1.9558
2015-08-12,2015-08-19,2.0360999999999994
2015-08-13,2015-08-20,2.0038
2015-08-14,2015-08-21,1.9926999999999992
2015-08-17,2015-08-24,1.9215
2015-08-18,2015-08-25,1.8943999999999992
2015-08-19,2015-08-26,1.8688000000000002
2015-08-20,2015-08-27,1.916599999999999
2015-08-21,2015-08-28,1.9511000000000003
2015-08-24,2015-08-31,2.023299999999999
2015-08-25,2015-09-01,2.012699999999999
2015-08-26,2015-09-02,1.838799999999999
2015-08-27,2015-09-03,1.8398000000000003
2015-08-28,2015-09-04,1.8834
2015-08-31,2015-09-07,1.8277999999999999
2015-09-01,2015-09-08,1.8455999999999992
2015-09-02,2015-09-09,1.9080999999999992
2015-09-03,2015-09-10,1.914299999999999
2015-09-04,2015-09-11,1.8975999999999988
2015-09-07,2015-09-14,1.8604000000000003
2015-09-08,2015-09-15,1.908199999999999
2015-09-09,2015-09-16,1.9131
2015-09-10,2015-09-17,1.9686000000000003
2015-09-11,2015-09-18,1.9446999999999992
2015-09-14,2015-09-21,1.984
2015-09-15,2015-09-22,1.9953000000000003
2015-09-16,2015-09-23,1.9443000000000001
2015-09-17,2015-09-24,2.024899999999999
2015-09-18,2015-09-25,2.0832999999999995
2015-09-21,2015-09-28,1.9764
2015-09-22,2015-09-29,1.911999999999999
2015-09-23,2015-09-30,1.8880999999999997
2015-09-24,2015-10-01,1.7540999999999993
2015-09-25,2015-10-02,1.6412999999999993
2015-09-28,2015-10-05,1.5940999999999992
2015-09-29,2015-10-06,1.6736000000000004
2015-09-30,2015-10-07,1.6707
2015-10-01,2015-10-08,1.6935000000000002
2015-10-02,2015-10-09,1.7382999999999988
2015-10-05,2015-10-12,1.8179999999999996
2015-10-06,2015-10-13,1.8184000000000005
2015-10-07,2015-10-14,1.9548000000000005
2015-10-08,2015-10-15,1.9810999999999996
2015-10-09,2015-10-16,2.0845000000000002
2015-10-12,2015-10-19,2.119999999999999
2015-10-13,2015-10-20,2.0230999999999995
2015-10-14,2015-10-21,2.0741999999999994
2015-10-15,2015-10-22,2.1149000000000004
2015-10-16,2015-10-23,2.0733999999999995
2015-10-19,2015-10-26,2.0677000000000003
2015-10-20,2015-10-27,2.0519
2015-10-21,2015-10-28,2.0145
2015-10-22,2015-10-29,1.9748
2015-10-23,2015-10-30,1.8247999999999998
2015-10-26,2015-11-02,1.7934999999999999
2015-10-27,2015-11-03,1.7074999999999996
2015-10-28,2015-11-04,1.6744000000000003
2015-10-29,2015-11-05,1.6023999999999994
2015-10-30,2015-11-06,1.6464999999999996
2015-11-02,2015-11-09,1.7088
2015-11-03,2015-11-10,1.661999999999999
2015-11-04,2015-11-11,1.6425
2015-11-05,2015-11-12,1.6210000000000004
2015-11-06,2015-11-13,1.6382999999999992
2015-11-09,2015-11-16,1.5536999999999992
2015-11-10,2015-11-17,1.5116999999999994
2015-11-11,2015-11-18,1.5655999999999999
2015-11-12,2015-11-19,1.4794999999999998
2015-11-13,2015-11-20,1.5027999999999988
2015-11-16,2015-11-23,1.4947999999999997
2015-11-17,2015-11-24,1.5153999999999996
2015-11-18,2015-11-25,1.5154999999999994
2015-11-19,2015-11-26,1.5117999999999991
2015-11-20,2015-11-27,1.5612999999999992
2015-11-23,2015-11-30,1.5414999999999992
2015-11-24,2015-12-01,1.526299999999999
2015-11-25,2015-12-02,1.4995999999999992
2015-11-26,2015-12-03,1.509599999999999
2015-11-27,2015-12-04,1.4876000000000005
2015-11-30,2015-12-07,1.482099999999999
2015-12-01,2015-12-08,1.4916999999999998
2015-12-02,2015-12-09,1.5589999999999993
2015-12-03,2015-12-10,1.5753000000000004
2015-12-04,2015-12-11,1.6882000000000001
2015-12-07,2015-12-14,1.543899999999999
2015-12-08,2015-12-15,1.374699999999999
2015-12-09,2015-12-16,1.4556000000000004
2015-12-10,2015-12-17,1.5486000000000004
2015-12-11,2015-12-18,1.4613999999999994
2015-12-14,2015-12-21,1.4594000000000005
2015-12-15,2015-12-22,1.533199999999999
2015-12-16,2015-12-23,1.4322999999999997
2015-12-17,2015-12-28,1.3992000000000004
2015-12-18,2015-12-29,1.4053000000000004
2015-12-21,2015-12-30,1.3788999999999998
2015-12-22,2015-12-31,1.4588999999999999
2015-12-23,2016-01-04,1.444799999999999
2015-12-28,2016-01-05,1.4713999999999992
2015-12-29,2016-01-06,1.4877000000000002
2015-12-30,2016-01-07,1.3713999999999995
2015-12-31,2016-01-08,1.3634000000000004
2016-01-04,2016-01-11,1.3199000000000005
2016-01-05,2016-01-12,1.25
2016-01-06,2016-01-13,1.214599999999999
2016-01-07,2016-01-14,1.2493999999999996
2016-01-08,2016-01-15,1.2588999999999988
2016-01-11,2016-01-18,1.2845999999999993
2016-01-12,2016-01-19,1.2771999999999988
2016-01-13,2016-01-20,1.3347999999999995
2016-01-14,2016-01-21,1.3529
2016-01-15,2016-01-22,1.368599999999999
2016-01-18,2016-01-25,1.2780000000000005
2016-01-19,2016-01-26,1.3199000000000005
2016-01-20,2016-01-27,1.3110999999999997
2016-01-21,2016-01-28,1.2645999999999997
2016-01-22,2016-01-29,1.4117999999999995
2016-01-25,2016-02-01,1.4267000000000003
2016-01-26,2016-02-02,1.4192
2016-01-27,2016-02-03,1.4924
2016-01-28,2016-02-04,1.5083000000000002
2016-01-29,2016-02-05,1.487
2016-02-01,2016-02-08,1.5212000000000003
2016-02-02,2016-02-09,1.4514999999999993
2016-02-03,2016-02-10,1.4704999999999995
2016-02-04,2016-02-11,1.6612999999999989
2016-02-05,2016-02-12,1.6324000000000005
2016-02-08,2016-02-15,1.5349000000000004
2016-02-09,2016-02-16,1.5656999999999996
2016-02-10,2016-02-17,1.6271000000000004
2016-02-11,2016-02-18,1.6164000000000005
2016-02-12,2016-02-19,1.5893999999999995
2016-02-15,2016-02-22,1.557599999999999
2016-02-16,2016-02-23,1.5704999999999991
2016-02-17,2016-02-24,1.5557999999999996
2016-02-18,2016-02-25,1.5802999999999994
2016-02-19,2016-02-26,1.5785
2016-02-22,2016-02-29,1.5627999999999993
2016-02-23,2016-03-01,1.5748999999999995
2016-02-24,2016-03-02,1.4429999999999996
2016-02-25,2016-03-03,1.5197000000000003
2016-02-26,2016-03-04,1.5184999999999995
2016-02-29,2016-03-07,1.4431999999999992
2016-03-01,2016-03-08,1.5198999999999998
2016-03-02,2016-03-09,1.4932999999999996
2016-03-03,2016-03-10,1.5268999999999995
2016-03-04,2016-03-11,1.6190999999999995
2016-03-07,2016-03-14,1.6282999999999994
2016-03-08,2016-03-15,1.6227999999999998
2016-03-09,2016-03-16,1.6091999999999995
2016-03-10,2016-03-17,1.6132999999999988
2016-03-11,2016-03-18,1.6638000000000002
2016-03-14,2016-03-21,1.7058
2016-03-15,2016-03-22,1.6387999999999998
2016-03-16,2016-03-23,1.5841999999999992
2016-03-17,2016-03-29,1.7940000000000005
2016-03-18,2016-03-30,1.8285
2016-03-21,2016-03-31,1.7943999999999996
2016-03-22,2016-04-01,1.746599999999999
2016-03-23,2016-04-04,1.7359999999999989
2016-03-29,2016-04-05,1.700099999999999
2016-03-30,2016-04-06,1.8449999999999989
2016-03-31,2016-04-07,1.9032
2016-04-01,2016-04-08,1.9147999999999996
2016-04-04,2016-04-11,1.8806999999999992
2016-04-05,2016-04-12,1.8152999999999988
2016-04-06,2016-04-13,1.8132000000000001
2016-04-07,2016-04-14,1.852599999999999
2016-04-08,2016-04-15,1.883799999999999
2016-04-11,2016-04-18,1.9362999999999992
2016-04-12,2016-04-19,1.9665
2016-04-13,2016-04-20,1.9308999999999994
2016-04-14,2016-04-21,1.9391999999999996
2016-04-15,2016-04-22,1.9267000000000003
2016-04-18,2016-04-25,1.9178999999999995
2016-04-19,2016-04-26,2.0107
2016-04-20,2016-04-27,2.0578000000000003
2016-04-21,2016-04-28,2.0688999999999993
2016-04-22,2016-04-29,1.9646999999999988
2016-04-25,2016-05-02,1.939499999999999
2016-04-26,2016-05-03,1.9968000000000004
2016-04-27,2016-05-04,2.0318000000000005
2016-04-28,2016-05-06,2.0319000000000003
2016-04-29,2016-05-09,2.091199999999999
2016-05-02,2016-05-10,2.1388
2016-05-03,2016-05-11,2.1258999999999997
2016-05-04,2016-05-12,2.0533
2016-05-06,2016-05-13,1.9888999999999992
2016-05-09,2016-05-18,1.9819999999999993
2016-05-10,2016-05-19,1.950899999999999
2016-05-11,2016-05-20,1.9793000000000003
2016-05-12,2016-05-23,2.0663
2016-05-13,2016-05-24,2.0054999999999996
2016-05-18,2016-05-25,1.9460999999999995
2016-05-19,2016-05-26,1.8135999999999992
2016-05-20,2016-05-27,1.8512000000000004
2016-05-23,2016-05-30,1.821299999999999
2016-05-24,2016-05-31,1.8132000000000001
2016-05-25,2016-06-01,1.833499999999999
2016-05-26,2016-06-02,1.8925
2016-05-27,2016-06-03,1.8612000000000002
2016-05-30,2016-06-06,1.8210999999999995
2016-05-31,2016-06-07,1.816699999999999
2016-06-01,2016-06-08,1.8421000000000003
2016-06-02,2016-06-09,1.8277
2016-06-03,2016-06-10,1.8477999999999994
2016-06-06,2016-06-13,1.9835999999999991
2016-06-07,2016-06-14,2.045399999999999
2016-06-08,2016-06-15,2.0817999999999994
2016-06-09,2016-06-16,2.0185999999999993
2016-06-10,2016-06-17,1.9695999999999998
2016-06-13,2016-06-20,1.8954000000000004
2016-06-14,2016-06-21,1.8289999999999988
2016-06-15,2016-06-22,1.854099999999999
2016-06-16,2016-06-23,1.7781000000000002
2016-06-17,2016-06-24,1.7922999999999991
2016-06-20,2016-06-27,1.9147999999999996
2016-06-21,2016-06-28,1.8889999999999993
2016-06-22,2016-06-29,1.8806999999999992
2016-06-23,2016-06-30,2.007199999999999
2016-06-24,2016-07-01,1.6597999999999988
2016-06-27,2016-07-04,1.6212999999999997
2016-06-28,2016-07-05,1.7027
2016-06-29,2016-07-06,1.7805999999999997
2016-06-30,2016-07-07,1.7948000000000004
2016-07-01,2016-07-08,1.8225999999999996
2016-07-04,2016-07-11,1.8641000000000005
2016-07-05,2016-07-12,1.8109000000000002
2016-07-06,2016-07-13,1.7237999999999989
2016-07-07,2016-07-14,1.7082999999999995
2016-07-08,2016-07-15,1.6873000000000005
2016-07-11,2016-07-18,1.6593
2016-07-12,2016-07-19,1.7430000000000003
2016-07-13,2016-07-20,1.7597000000000005
2016-07-14,2016-07-21,1.8147000000000002
2016-07-15,2016-07-22,1.7987000000000002
2016-07-18,2016-07-25,1.7016999999999989
2016-07-19,2016-07-26,1.7004000000000001
2016-07-20,2016-07-27,1.6776999999999997
2016-07-21,2016-07-28,1.680299999999999
2016-07-22,2016-07-29,1.6517
2016-07-25,2016-08-01,1.6037
2016-07-26,2016-08-02,1.5909999999999993
2016-07-27,2016-08-03,1.5846999999999998
2016-07-28,2016-08-04,1.6597999999999988
2016-07-29,2016-08-05,1.6155999999999988
2016-08-01,2016-08-08,1.7117000000000004
2016-08-02,2016-08-09,1.7418999999999993
2016-08-03,2016-08-10,1.7584999999999997
2016-08-04,2016-08-11,1.720699999999999
2016-08-05,2016-08-12,1.7445000000000004
2016-08-08,2016-08-15,1.6881000000000004
2016-08-09,2016-08-16,1.7258999999999993
2016-08-10,2016-08-17,1.8952999999999989
2016-08-11,2016-08-18,1.8971999999999998
2016-08-12,2016-08-19,1.9598999999999993
2016-08-15,2016-08-22,1.9656000000000002
2016-08-16,2016-08-23,2.0183
2016-08-17,2016-08-24,1.9414999999999996
2016-08-18,2016-08-25,2.0115
2016-08-19,2016-08-26,1.956999999999999
2016-08-22,2016-08-29,1.9217999999999993
2016-08-23,2016-08-30,1.9816000000000003
2016-08-24,2016-08-31,1.966899999999999
2016-08-25,2016-09-01,1.9552999999999994
2016-08-26,2016-09-02,1.9792000000000005
2016-08-29,2016-09-05,1.8705999999999996
2016-08-30,2016-09-06,1.856399999999999
2016-08-31,2016-09-07,1.8392
2016-09-01,2016-09-08,1.8240999999999996
2016-09-02,2016-09-09,1.8483999999999998
2016-09-05,2016-09-12,1.8847000000000005
2016-09-06,2016-09-13,1.9177999999999997
2016-09-07,2016-09-14,1.9901999999999997
2016-09-08,2016-09-15,2.032399999999999
2016-09-09,2016-09-16,1.9659999999999993
2016-09-12,2016-09-19,1.9135999999999989
2016-09-13,2016-09-20,1.9643999999999995
2016-09-14,2016-09-21,1.9046000000000003
2016-09-15,2016-09-22,1.9398999999999997
2016-09-16,2016-09-23,1.9215
2016-09-19,2016-09-26,1.8871000000000002
2016-09-20,2016-09-27,1.888399999999999
2016-09-21,2016-09-28,1.8927999999999994
2016-09-22,2016-09-29,2.0684000000000005
2016-09-23,2016-09-30,2.0549999999999997
2016-09-26,2016-10-03,2.0639000000000003
2016-09-27,2016-10-04,2.052299999999999
2016-09-28,2016-10-05,2.0755
2016-09-29,2016-10-06,2.1158
2016-09-30,2016-10-07,2.1206999999999994
2016-10-03,2016-10-10,2.1957999999999993
2016-10-04,2016-10-11,2.1825
2016-10-05,2016-10-12,2.155999999999999
2016-10-06,2016-10-13,2.131499999999999
2016-10-07,2016-10-14,2.0924999999999994
2016-10-10,2016-10-17,2.0677000000000003
2016-10-11,2016-10-18,2.013299999999999
2016-10-12,2016-10-19,1.979099999999999
2016-10-13,2016-10-20,1.9491999999999994
2016-10-14,2016-10-21,1.9695
2016-10-17,2016-10-24,1.9574999999999996
2016-10-18,2016-10-25,2.024899999999999
2016-10-19,2016-10-26,2.012699999999999
2016-10-20,2016-10-27,2.0098000000000003
2016-10-21,2016-10-28,1.9473000000000003
2016-10-24,2016-10-31,1.9219999999999988
2016-10-25,2016-11-01,1.9063999999999997
2016-10-26,2016-11-02,1.8955000000000002
2016-10-27,2016-11-03,1.9489
2016-10-28,2016-11-04,1.891399999999999
2016-10-31,2016-11-07,1.9186999999999994
2016-11-01,2016-11-08,1.989799999999999
2016-11-02,2016-11-09,1.9943999999999988
2016-11-03,2016-11-10,1.985899999999999
2016-11-04,2016-11-11,1.9602000000000004
2016-11-07,2016-11-14,1.9428999999999998
2016-11-08,2016-11-15,1.9505
2016-11-09,2016-11-16,1.8986999999999998
2016-11-10,2016-11-17,1.8445
2016-11-11,2016-11-18,1.8133
2016-11-14,2016-11-21,1.6959999999999997
2016-11-15,2016-11-22,1.7332
2016-11-16,2016-11-23,1.6954999999999991
2016-11-17,2016-11-24,1.6926000000000005
2016-11-18,2016-11-25,1.6073000000000004
2016-11-21,2016-11-28,1.6273
2016-11-22,2016-11-29,1.6424000000000003
2016-11-23,2016-11-30,1.619299999999999
2016-11-24,2016-12-01,1.5586000000000002
2016-11-25,2016-12-02,1.6103000000000005
2016-11-28,2016-12-05,1.5921000000000003
2016-11-29,2016-12-06,1.5901999999999994
2016-11-30,2016-12-07,1.6919000000000004
2016-12-01,2016-12-08,1.7384000000000004
2016-12-02,2016-12-09,1.7285000000000004
2016-12-05,2016-12-12,1.7776999999999994
2016-12-06,2016-12-13,1.8062000000000005
2016-12-07,2016-12-14,1.7933000000000003
2016-12-08,2016-12-15,1.796199999999999
2016-12-09,2016-12-16,1.6672999999999991
2016-12-12,2016-12-19,1.725999999999999
2016-12-13,2016-12-20,1.7373999999999992
2016-12-14,2016-12-21,1.6959999999999997
2016-12-15,2016-12-22,1.5350000000000001
2016-12-16,2016-12-23,1.4911999999999992
2016-12-19,2016-12-27,1.4902999999999995
2016-12-20,2016-12-28,1.4553999999999991
2016-12-21,2016-12-29,1.5109999999999992
2016-12-22,2016-12-30,1.4617000000000004
2016-12-23,2017-01-02,1.4678000000000004
2016-12-27,2017-01-03,1.4526000000000003
2016-12-28,2017-01-04,1.4446999999999992
2016-12-29,2017-01-05,1.4899000000000004
2016-12-30,2017-01-06,1.5524000000000004
2017-01-02,2017-01-09,1.5204000000000004
2017-01-03,2017-01-10,1.5047999999999995
2017-01-04,2017-01-11,1.5582999999999991
2017-01-05,2017-01-12,1.5812999999999988
2017-01-06,2017-01-13,1.6854999999999993
2017-01-09,2017-01-16,1.595699999999999
2017-01-10,2017-01-17,1.584299999999999
2017-01-11,2017-01-18,1.5431999999999988
2017-01-12,2017-01-19,1.6860999999999997
2017-01-13,2017-01-20,1.6760000000000002
2017-01-16,2017-01-23,1.6243999999999996
2017-01-17,2017-01-24,1.7149
2017-01-18,2017-01-25,1.7018000000000004
2017-01-19,2017-01-26,1.7179000000000002
2017-01-20,2017-01-27,1.7082999999999995
2017-01-23,2017-01-30,1.778599999999999
2017-01-24,2017-01-31,1.8379999999999992
2017-01-25,2017-02-01,1.8458000000000006
2017-01-26,2017-02-02,1.8345000000000002
2017-01-27,2017-02-03,1.822099999999999
2017-01-30,2017-02-06,1.8225999999999996
2017-01-31,2017-02-07,1.9083000000000006
2017-02-01,2017-02-08,1.9398
2017-02-02,2017-02-09,1.9771
2017-02-03,2017-02-10,1.9266000000000005
2017-02-06,2017-02-13,1.9144000000000005
2017-02-07,2017-02-14,1.850299999999999
2017-02-08,2017-02-15,1.8428000000000004
2017-02-09,2017-02-16,1.8614999999999995
2017-02-10,2017-02-17,1.7929999999999993
2017-02-13,2017-02-20,1.7973999999999997
2017-02-14,2017-02-21,1.8140999999999998
2017-02-15,2017-02-22,1.7856000000000005
2017-02-16,2017-02-23,1.8462999999999994
2017-02-17,2017-02-24,1.8489000000000004
2017-02-20,2017-02-27,1.8294999999999995
2017-02-21,2017-02-28,1.8078000000000003
2017-02-22,2017-03-01,1.7873
2017-02-23,2017-03-02,1.842699999999999
2017-02-24,2017-03-03,1.8431999999999995
2017-02-27,2017-03-06,1.8240999999999996
2017-02-28,2017-03-07,1.8027999999999995
2017-03-01,2017-03-08,1.7590000000000003
2017-03-02,2017-03-09,1.7236999999999991
2017-03-03,2017-03-10,1.7196999999999996
2017-03-06,2017-03-13,1.7062999999999988
2017-03-07,2017-03-14,1.7151999999999994
2017-03-08,2017-03-15,1.6926000000000005
2017-03-09,2017-03-16,1.5990000000000002
2017-03-10,2017-03-17,1.5541999999999998
2017-03-13,2017-03-20,1.6103000000000005
2017-03-14,2017-03-21,1.5646000000000004
2017-03-15,2017-03-22,1.5719999999999992
2017-03-16,2017-03-23,1.6334999999999997
2017-03-17,2017-03-24,1.6949000000000005
2017-03-20,2017-03-27,1.6829999999999998
2017-03-21,2017-03-28,1.7245999999999988
2017-03-22,2017-03-29,1.7090999999999994
2017-03-23,2017-03-30,1.6912000000000003
2017-03-24,2017-03-31,1.6769999999999996
2017-03-27,2017-04-03,1.706199999999999
2017-03-28,2017-04-04,1.6652000000000005
2017-03-29,2017-04-05,1.6212
2017-03-30,2017-04-06,1.632299999999999
2017-03-31,2017-04-07,1.5967000000000002
2017-04-03,2017-04-10,1.592699999999999
2017-04-04,2017-04-11,1.5543999999999993
2017-04-05,2017-04-12,1.5878999999999994
2017-04-06,2017-04-18,1.5761000000000003
2017-04-07,2017-04-19,1.5568999999999988
2017-04-10,2017-04-20,1.5277999999999992
2017-04-11,2017-04-21,1.577399999999999
2017-04-12,2017-04-24,1.5882000000000005
2017-04-18,2017-04-25,1.6447000000000003
2017-04-19,2017-04-26,1.6382999999999992
2017-04-20,2017-04-27,1.5991
2017-04-21,2017-04-28,1.5280000000000005
2017-04-24,2017-05-02,1.6501000000000001
2017-04-25,2017-05-03,1.6187000000000005
2017-04-26,2017-05-04,1.5902999999999992
2017-04-27,2017-05-05,1.5916999999999994
2017-04-28,2017-05-08,1.6414999999999988
2017-05-02,2017-05-09,1.5806000000000004
2017-05-03,2017-05-10,1.5747
2017-05-04,2017-05-11,1.4963999999999995
2017-05-05,2017-05-12,1.5031999999999996
2017-05-08,2017-05-15,1.5359999999999996
2017-05-09,2017-05-16,1.5263999999999989
2017-05-10,2017-05-18,1.494299999999999
2017-05-11,2017-05-19,1.5785
2017-05-12,2017-05-22,1.5602999999999998
2017-05-15,2017-05-23,1.6667000000000005
2017-05-16,2017-05-24,1.6799999999999997
2017-05-18,2017-05-26,1.7157999999999998
2017-05-19,2017-05-29,1.7706999999999997
2017-05-22,2017-05-30,1.8362999999999996
2017-05-23,2017-05-31,1.812199999999999
2017-05-24,2017-06-01,1.7882999999999996
2017-05-26,2017-06-02,1.7748999999999988
2017-05-29,2017-06-06,1.7646999999999995
2017-05-30,2017-06-07,1.7235999999999994
2017-05-31,2017-06-08,1.7607
2017-06-01,2017-06-09,1.7140000000000004
2017-06-02,2017-06-12,1.7104
2017-06-06,2017-06-13,1.719899999999999
2017-06-07,2017-06-14,1.7011000000000003
2017-06-08,2017-06-15,1.6913999999999998
2017-06-09,2017-06-16,1.6524999999999999
2017-06-12,2017-06-19,1.7074999999999996
2017-06-13,2017-06-20,1.7440999999999995
2017-06-14,2017-06-21,1.7692999999999994
2017-06-15,2017-06-22,1.6897000000000002
2017-06-16,2017-06-23,1.6997
2017-06-19,2017-06-26,1.7325
2017-06-20,2017-06-27,1.6631
2017-06-21,2017-06-28,1.6357999999999997
2017-06-22,2017-06-29,1.6797000000000004
2017-06-23,2017-06-30,1.7043999999999997
2017-06-26,2017-07-03,1.699399999999999
2017-06-27,2017-07-04,1.7311999999999994
2017-06-28,2017-07-05,1.7310999999999996
2017-06-29,2017-07-06,1.7872000000000003
2017-06-30,2017-07-07,1.7853999999999992
2017-07-03,2017-07-10,1.810599999999999
2017-07-04,2017-07-11,1.8178
2017-07-05,2017-07-12,1.7898999999999994
2017-07-06,2017-07-13,1.8018999999999998
2017-07-07,2017-07-14,1.7941000000000003
2017-07-10,2017-07-17,1.8150999999999993
2017-07-11,2017-07-18,1.8322000000000003
2017-07-12,2017-07-19,1.9019999999999992
2017-07-13,2017-07-20,1.893699999999999
2017-07-14,2017-07-21,1.9513999999999996
2017-07-17,2017-07-24,2.01
2017-07-18,2017-07-25,2.1182999999999996
2017-07-19,2017-07-26,2.1069999999999993
2017-07-20,2017-07-27,2.0748999999999995
2017-07-21,2017-07-28,2.157
2017-07-24,2017-07-31,2.1431000000000004
2017-07-25,2017-08-01,2.2165999999999997
2017-07-26,2017-08-02,2.1945999999999994
2017-07-27,2017-08-03,2.2215
2017-07-28,2017-08-04,2.2266999999999992
2017-07-31,2017-08-07,2.2376999999999994
2017-08-01,2017-08-08,2.2699999999999996
2017-08-02,2017-08-09,2.2676999999999996
2017-08-03,2017-08-10,2.2661999999999995
2017-08-04,2017-08-11,2.2840999999999996
2017-08-07,2017-08-14,2.2211999999999996
2017-08-08,2017-08-15,2.2813
2017-08-09,2017-08-16,2.2108
2017-08-10,2017-08-17,2.2150999999999996
2017-08-11,2017-08-18,2.1846999999999994
2017-08-14,2017-08-21,2.2485
2017-08-15,2017-08-22,2.2077
2017-08-16,2017-08-23,2.2205999999999992
2017-08-17,2017-08-24,2.2009
2017-08-18,2017-08-25,2.2352
2017-08-21,2017-08-28,2.273199999999999
2017-08-22,2017-08-29,2.2696999999999994
2017-08-23,2017-08-30,2.2794
2017-08-24,2017-08-31,2.3301999999999996
2017-08-25,2017-09-01,2.3575
2017-08-28,2017-09-04,2.4055
2017-08-29,2017-09-05,2.4602999999999993
2017-08-30,2017-09-06,2.3808
2017-08-31,2017-09-07,2.3255
2017-09-01,2017-09-08,2.4076999999999993
2017-09-04,2017-09-11,2.3662
2017-09-05,2017-09-12,2.3685
2017-09-06,2017-09-13,2.3972999999999995
2017-09-07,2017-09-14,2.4087999999999994
2017-09-08,2017-09-15,2.4532
2017-09-11,2017-09-18,2.3613
2017-09-12,2017-09-19,2.3291999999999993
2017-09-13,2017-09-20,2.3267999999999995
2017-09-14,2017-09-21,2.2675
2017-09-15,2017-09-22,2.3693
2017-09-18,2017-09-25,2.3544
2017-09-19,2017-09-26,2.3691999999999993
2017-09-20,2017-09-27,2.3903
2017-09-21,2017-09-28,2.3584999999999994
2017-09-22,2017-09-29,2.3809999999999993
2017-09-25,2017-10-02,2.3587
2017-09-26,2017-10-03,2.2957
2017-09-27,2017-10-04,2.2211999999999996
2017-09-28,2017-10-05,2.2275
2017-09-29,2017-10-06,2.1997999999999998
2017-10-02,2017-10-09,2.1879
2017-10-03,2017-10-10,2.1841999999999997
2017-10-04,2017-10-11,2.2371
2017-10-05,2017-10-12,2.2094999999999994
2017-10-06,2017-10-13,2.1669
2017-10-09,2017-10-16,2.1876999999999995
2017-10-10,2017-10-17,2.2258999999999993
2017-10-11,2017-10-18,2.2443
2017-10-12,2017-10-19,2.2775999999999996
2017-10-13,2017-10-20,2.2646999999999995
2017-10-16,2017-10-23,2.2817999999999996
2017-10-17,2017-10-24,2.2414999999999994
2017-10-18,2017-10-25,2.2078999999999995
2017-10-19,2017-10-26,2.2131
2017-10-20,2017-10-27,2.2062
2017-10-23,2017-10-30,2.1755999999999993
2017-10-24,2017-10-31,2.1898
2017-10-25,2017-11-01,2.1637000000000004
2017-10-26,2017-11-02,2.1007999999999996
2017-10-27,2017-11-03,1.9562999999999988
2017-10-30,2017-11-06,2.004999999999999
2017-10-31,2017-11-07,1.988999999999999
2017-11-01,2017-11-08,2.024799999999999
2017-11-02,2017-11-09,2.0282999999999998
2017-11-03,2017-11-10,2.036299999999999
2017-11-06,2017-11-13,2.0291999999999994
2017-11-07,2017-11-14,1.9954
2017-11-08,2017-11-15,1.9989999999999988
2017-11-09,2017-11-16,2.043899999999999
2017-11-10,2017-11-17,2.058399999999999
2017-11-13,2017-11-20,2.0296000000000003
2017-11-14,2017-11-21,2.0053
2017-11-15,2017-11-22,1.9367999999999999
2017-11-16,2017-11-23,1.9697999999999993
2017-11-17,2017-11-24,1.9347999999999992
2017-11-20,2017-11-27,1.913499999999999
2017-11-21,2017-11-28,1.9039000000000001
2017-11-22,2017-11-29,1.9399999999999995
2017-11-23,2017-11-30,2.0366
2017-11-24,2017-12-01,2.0383999999999993
2017-11-27,2017-12-04,2.0120000000000005
2017-11-28,2017-12-05,1.9750999999999994
2017-11-29,2017-12-06,1.9361999999999995
2017-11-30,2017-12-07,1.8681
2017-12-01,2017-12-08,1.8634000000000004
2017-12-04,2017-12-11,1.8565000000000005
2017-12-05,2017-12-12,1.8810000000000002
2017-12-06,2017-12-13,1.9152000000000005
2017-12-07,2017-12-14,1.8995999999999995
2017-12-08,2017-12-15,1.8547999999999991
2017-12-11,2017-12-18,1.794599999999999
2017-12-12,2017-12-19,1.8224999999999998
2017-12-13,2017-12-20,1.8004999999999995
2017-12-14,2017-12-21,1.9171999999999993
2017-12-15,2017-12-22,1.886099999999999
2017-12-18,2017-12-27,1.815199999999999
2017-12-19,2017-12-28,1.8094999999999999
2017-12-20,2017-12-29,1.8411999999999988
2017-12-21,2018-01-02,1.7621000000000002
2017-12-22,2018-01-03,1.8232
2017-12-27,2018-01-04,1.8827999999999996
2017-12-28,2018-01-05,1.904399999999999
2017-12-29,2018-01-08,1.9673999999999996
2018-01-02,2018-01-09,2.070599999999999
2018-01-03,2018-01-10,2.0679
2018-01-04,2018-01-11,2.0783000000000005
2018-01-05,2018-01-12,2.0846
2018-01-08,2018-01-15,2.0890000000000004
2018-01-09,2018-01-16,2.0669000000000004
2018-01-10,2018-01-17,2.1296999999999997
2018-01-11,2018-01-18,2.1226000000000003
2018-01-12,2018-01-19,2.2140999999999993
2018-01-15,2018-01-22,2.2951999999999995
2018-01-16,2018-01-23,2.2977
2018-01-17,2018-01-24,2.2874999999999996
2018-01-18,2018-01-25,2.3249999999999993
2018-01-19,2018-01-26,2.319
2018-01-22,2018-01-29,2.3103999999999996
2018-01-23,2018-01-30,2.3039999999999994
2018-01-24,2018-01-31,2.3781
2018-01-25,2018-02-01,2.4463
2018-01-26,2018-02-02,2.4806
2018-01-29,2018-02-05,2.4537999999999993
2018-01-30,2018-02-06,2.4734999999999996
2018-01-31,2018-02-07,2.4963999999999995
2018-02-01,2018-02-08,2.4907999999999992
2018-02-02,2018-02-09,2.5145
2018-02-05,2018-02-12,2.4467
2018-02-06,2018-02-13,2.3043999999999993
2018-02-07,2018-02-14,2.3415
2018-02-08,2018-02-15,2.2668
2018-02-09,2018-02-16,2.1887999999999996
2018-02-12,2018-02-19,2.2237
2018-02-13,2018-02-20,2.2733999999999996
2018-02-14,2018-02-21,2.3049
2018-02-15,2018-02-22,2.38
2018-02-16,2018-02-23,2.4052
2018-02-19,2018-02-26,2.3903999999999996
2018-02-20,2018-02-27,2.3374999999999995
2018-02-21,2018-02-28,2.3409999999999993
2018-02-22,2018-03-01,2.2794999999999996
2018-02-23,2018-03-02,2.3042999999999996
2018-02-26,2018-03-05,2.3556
2018-02-27,2018-03-06,2.3446
2018-02-28,2018-03-07,2.3
2018-03-01,2018-03-08,2.2355
2018-03-02,2018-03-09,2.3606999999999996
2018-03-05,2018-03-12,2.3446999999999996
2018-03-06,2018-03-13,2.4269
2018-03-07,2018-03-14,2.3785999999999996
2018-03-08,2018-03-15,2.3522
2018-03-09,2018-03-16,2.3659999999999997
2018-03-12,2018-03-19,2.3975999999999997
2018-03-13,2018-03-20,2.4322
2018-03-14,2018-03-21,2.4330999999999996
2018-03-15,2018-03-22,2.4681999999999995
2018-03-16,2018-03-23,2.4567999999999994
2018-03-19,2018-03-26,2.4377999999999993
2018-03-20,2018-03-27,2.4448999999999996
2018-03-21,2018-03-28,2.4376999999999995
2018-03-22,2018-04-03,2.4337999999999997
2018-03-23,2018-04-04,2.4196999999999997
2018-03-26,2018-04-05,2.4684999999999997
2018-03-27,2018-04-06,2.4475
2018-03-28,2018-04-09,2.3950999999999993
2018-04-03,2018-04-10,2.3450999999999995
2018-04-04,2018-04-11,2.3241999999999994
2018-04-05,2018-04-12,2.3522999999999996
2018-04-06,2018-04-13,2.3369
2018-04-09,2018-04-16,2.3796
2018-04-10,2018-04-17,2.3679999999999994
2018-04-11,2018-04-18,2.4032999999999998
2018-04-12,2018-04-19,2.3842999999999996
2018-04-13,2018-04-20,2.4072999999999993
2018-04-16,2018-04-23,2.4156999999999993
2018-04-17,2018-04-24,2.4051
2018-04-18,2018-04-25,2.4152999999999993
2018-04-19,2018-04-26,2.4333
2018-04-20,2018-04-27,2.3691999999999993
2018-04-23,2018-04-30,2.3068999999999997
2018-04-24,2018-05-02,2.2882
2018-04-25,2018-05-03,2.2077
2018-04-26,2018-05-04,2.2223999999999995
2018-04-27,2018-05-07,2.1699
2018-04-30,2018-05-08,2.1734
2018-05-02,2018-05-09,2.097299999999999
2018-05-03,2018-05-11,2.1282999999999994
2018-05-04,2018-05-14,2.1149000000000004
2018-05-07,2018-05-15,2.0906000000000002
2018-05-08,2018-05-16,2.065199999999999
2018-05-09,2018-05-18,2.0870999999999995
2018-05-11,2018-05-22,2.1762999999999995
2018-05-14,2018-05-23,2.1933
2018-05-15,2018-05-24,2.1212
2018-05-16,2018-05-25,2.049899999999999
2018-05-18,2018-05-28,2.0429999999999993
2018-05-22,2018-05-29,2.1258999999999997
2018-05-23,2018-05-30,2.0528999999999993
2018-05-24,2018-05-31,2.0883000000000003
2018-05-25,2018-06-01,2.0449
2018-05-28,2018-06-04,2.0039999999999996
2018-05-29,2018-06-05,1.8994999999999997
2018-05-30,2018-06-06,1.9655000000000005
2018-05-31,2018-06-07,2.0199999999999996
2018-06-01,2018-06-08,2.003499999999999
2018-06-04,2018-06-11,2.075799999999999
2018-06-05,2018-06-12,2.034699999999999
2018-06-06,2018-06-13,2.077399999999999
2018-06-07,2018-06-14,2.1449
2018-06-08,2018-06-15,2.082799999999999
2018-06-11,2018-06-18,2.1136
2018-06-12,2018-06-19,2.161299999999999
2018-06-13,2018-06-20,2.1502
2018-06-14,2018-06-21,2.1358999999999995
2018-06-15,2018-06-22,2.038599999999999
2018-06-18,2018-06-25,2.0487
2018-06-19,2018-06-26,1.9450000000000003
2018-06-20,2018-06-27,1.9937000000000005
2018-06-21,2018-06-28,2.003499999999999
2018-06-22,2018-06-29,2.0741999999999994
2018-06-25,2018-07-02,2.078099999999999
2018-06-26,2018-07-03,2.0573999999999995
2018-06-27,2018-07-04,2.0124999999999993
2018-06-28,2018-07-05,1.9931999999999999
2018-06-29,2018-07-06,2.0136000000000003
2018-07-02,2018-07-09,2.008899999999999
2018-07-03,2018-07-10,2.058
2018-07-04,2018-07-11,2.061
2018-07-05,2018-07-12,2.109399999999999
2018-07-06,2018-07-13,2.1183999999999994
2018-07-09,2018-07-16,2.1803999999999997
2018-07-10,2018-07-17,2.1347000000000005
2018-07-11,2018-07-18,2.123099999999999
2018-07-12,2018-07-19,2.071299999999999
2018-07-13,2018-07-20,2.0275999999999996
2018-07-16,2018-07-23,2.0845000000000002
2018-07-17,2018-07-24,2.068299999999999
2018-07-18,2018-07-25,1.9885000000000002
2018-07-19,2018-07-26,1.9084000000000003
2018-07-20,2018-07-27,1.9543
2018-07-23,2018-07-30,2.0183
2018-07-24,2018-07-31,2.0052000000000003
2018-07-25,2018-08-01,2.004299999999999
2018-07-26,2018-08-02,2.0250000000000004
2018-07-27,2018-08-03,1.9695999999999998
2018-07-30,2018-08-06,2.0168
2018-07-31,2018-08-07,2.0488
2018-08-01,2018-08-08,2.0175
2018-08-02,2018-08-09,1.9550999999999998
2018-08-03,2018-08-10,1.9389000000000003
2018-08-06,2018-08-13,1.9140999999999995
2018-08-07,2018-08-14,1.9839000000000002
2018-08-08,2018-08-15,1.9488000000000003
2018-08-09,2018-08-16,1.9396000000000004
2018-08-10,2018-08-17,1.850999999999999
2018-08-13,2018-08-20,1.8154000000000003
2018-08-14,2018-08-21,1.8193000000000001
2018-08-15,2018-08-22,1.7359999999999989
2018-08-16,2018-08-23,1.717699999999999
2018-08-17,2018-08-24,1.6748999999999992
2018-08-20,2018-08-27,1.7029999999999994
2018-08-21,2018-08-28,1.7347000000000001
2018-08-22,2018-08-29,1.8384
2018-08-23,2018-08-30,1.8398000000000003
2018-08-24,2018-08-31,1.8070000000000004
2018-08-27,2018-09-03,1.8350999999999988
2018-08-28,2018-09-04,1.8681
2018-08-29,2018-09-05,1.8125999999999998
2018-08-30,2018-09-06,1.859
2018-08-31,2018-09-07,1.8341999999999992
2018-09-03,2018-09-10,1.8150999999999993
2018-09-04,2018-09-11,1.7681000000000004
2018-09-05,2018-09-12,1.7554999999999996
2018-09-06,2018-09-13,1.7693999999999992
2018-09-07,2018-09-14,1.7569999999999997
2018-09-10,2018-09-17,1.7867999999999995
2018-09-11,2018-09-18,1.8096999999999994
2018-09-12,2018-09-19,1.8575
2018-09-13,2018-09-20,1.9339999999999993
2018-09-14,2018-09-21,1.9385999999999992
2018-09-17,2018-09-24,1.9794
2018-09-18,2018-09-25,2.0101999999999993
2018-09-19,2018-09-26,1.9894999999999996
2018-09-20,2018-09-27,2.0251
2018-09-21,2018-09-28,2.026
2018-09-24,2018-10-01,2.0442
2018-09-25,2018-10-02,2.0452999999999992
2018-09-26,2018-10-03,2.0387000000000004
2018-09-27,2018-10-04,2.0563000000000002
2018-09-28,2018-10-05,1.9947
2018-10-01,2018-10-08,2.0330999999999992
2018-10-02,2018-10-09,1.9948999999999995
2018-10-03,2018-10-10,1.9940999999999995
2018-10-04,2018-10-11,1.943999999999999
2018-10-05,2018-10-12,1.9042999999999992
2018-10-08,2018-10-15,1.8885000000000005
2018-10-09,2018-10-16,1.8719999999999999
2018-10-10,2018-10-17,1.9577999999999989
2018-10-11,2018-10-18,1.9596
2018-10-12,2018-10-19,1.9924
2018-10-15,2018-10-22,2.0039999999999996
2018-10-16,2018-10-23,2.0427999999999997
2018-10-17,2018-10-24,1.994299999999999
2018-10-18,2018-10-25,1.950099999999999
2018-10-19,2018-10-26,1.9318999999999988
2018-10-22,2018-10-29,1.9344000000000001
2018-10-23,2018-10-30,1.8910999999999998
2018-10-24,2018-10-31,1.8425999999999991
2018-10-25,2018-11-01,1.8597000000000001
2018-10-26,2018-11-02,1.7845999999999993
2018-10-29,2018-11-05,1.813699999999999
2018-10-30,2018-11-06,1.7803000000000004
2018-10-31,2018-11-07,1.7319999999999993
2018-11-01,2018-11-08,1.8208000000000002
2018-11-02,2018-11-09,1.8388999999999989
2018-11-05,2018-11-12,1.7959999999999994
2018-11-06,2018-11-13,1.8202999999999996
2018-11-07,2018-11-14,1.8735999999999997
2018-11-08,2018-11-15,1.8497000000000003
2018-11-09,2018-11-16,1.762599999999999
2018-11-12,2018-11-19,1.7056000000000004
2018-11-13,2018-11-20,1.6861999999999995
2018-11-14,2018-11-21,1.6746999999999996
2018-11-15,2018-11-22,1.6780999999999988
2018-11-16,2018-11-23,1.700899999999999
2018-11-19,2018-11-26,1.7280999999999995
2018-11-20,2018-11-27,1.6675000000000004
2018-11-21,2018-11-28,1.6448999999999998
2018-11-22,2018-11-29,1.6310000000000002
2018-11-23,2018-11-30,1.5954999999999995
2018-11-26,2018-12-03,1.6104000000000003
2018-11-27,2018-12-04,1.5808999999999997
2018-11-28,2018-12-05,1.5686
2018-11-29,2018-12-06,1.6259999999999994
2018-11-30,2018-12-07,1.5976999999999997
2018-12-03,2018-12-10,1.6219999999999999
2018-12-04,2018-12-11,1.7165
2018-12-05,2018-12-12,1.674999999999999
2018-12-06,2018-12-13,1.6243999999999996
2018-12-07,2018-12-14,1.6446000000000005
2018-12-10,2018-12-17,1.6922999999999995
2018-12-11,2018-12-18,1.6446000000000005
2018-12-12,2018-12-19,1.5998
2018-12-13,2018-12-20,1.6077999999999992
2018-12-14,2018-12-21,1.556099999999999
2018-12-17,2018-12-27,1.5455000000000005
2018-12-18,2018-12-28,1.4850999999999992
2018-12-19,2018-12-31,1.4590999999999994
2018-12-20,2019-01-02,1.5295000000000005
2018-12-21,2019-01-03,1.4612999999999996
2018-12-27,2019-01-04,1.4093
2018-12-28,2019-01-07,1.4646999999999988
2018-12-31,2019-01-08,1.4839000000000002
2019-01-02,2019-01-09,1.4764
2019-01-03,2019-01-10,1.4383999999999997
2019-01-04,2019-01-11,1.5213
2019-01-07,2019-01-14,1.6081000000000003
2019-01-08,2019-01-15,1.6277999999999988
2019-01-09,2019-01-16,1.6462000000000003
2019-01-10,2019-01-17,1.7204999999999995
2019-01-11,2019-01-18,1.711599999999999
2019-01-14,2019-01-21,1.637599999999999
2019-01-15,2019-01-22,1.627699999999999
2019-01-16,2019-01-23,1.6239999999999988
2019-01-17,2019-01-24,1.6097000000000001
2019-01-18,2019-01-25,1.645999999999999
2019-01-21,2019-01-28,1.5966000000000005
2019-01-22,2019-01-29,1.5738000000000003
2019-01-23,2019-01-30,1.5893999999999995
2019-01-24,2019-01-31,1.5947999999999993
2019-01-25,2019-02-01,1.6191999999999993
2019-01-28,2019-02-04,1.6489999999999991
2019-01-29,2019-02-05,1.6769999999999996
2019-01-30,2019-02-06,1.6905999999999999
2019-01-31,2019-02-07,1.7615999999999996
2019-02-01,2019-02-08,1.7438000000000002
2019-02-04,2019-02-11,1.6944999999999997
2019-02-05,2019-02-12,1.6997999999999998
2019-02-06,2019-02-13,1.6662999999999997
2019-02-07,2019-02-14,1.6000999999999994
2019-02-08,2019-02-15,1.5620999999999992
2019-02-11,2019-02-18,1.4899000000000004
2019-02-12,2019-02-19,1.501199999999999
2019-02-13,2019-02-20,1.5381999999999998
2019-02-14,2019-02-21,1.5120000000000005
2019-02-15,2019-02-22,1.496599999999999
2019-02-18,2019-02-25,1.5647000000000002
2019-02-19,2019-02-26,1.5429999999999993
2019-02-20,2019-02-27,1.5906000000000002
2019-02-21,2019-02-28,1.5579999999999998
2019-02-22,2019-03-01,1.5504999999999995
2019-02-25,2019-03-04,1.5753000000000004
2019-02-26,2019-03-05,1.5705999999999989
2019-02-27,2019-03-06,1.6424000000000003
2019-02-28,2019-03-07,1.652099999999999
2019-03-01,2019-03-08,1.6273999999999997
2019-03-04,2019-03-11,1.5604999999999993
2019-03-05,2019-03-12,1.5199999999999996
2019-03-06,2019-03-13,1.5000999999999998
2019-03-07,2019-03-14,1.4899000000000004
2019-03-08,2019-03-15,1.3742
2019-03-11,2019-03-18,1.4832999999999998
2019-03-12,2019-03-19,1.5368999999999993
2019-03-13,2019-03-20,1.5688999999999993
2019-03-14,2019-03-21,1.5708000000000002
2019-03-15,2019-03-22,1.6050000000000004
2019-03-18,2019-03-25,1.6501000000000001
2019-03-19,2019-03-26,1.6546000000000003
2019-03-20,2019-03-27,1.6365999999999996
2019-03-21,2019-03-28,1.7260999999999989
2019-03-22,2019-03-29,1.6409000000000002
2019-03-25,2019-04-01,1.6434999999999995
2019-03-26,2019-04-02,1.6348000000000003
2019-03-27,2019-04-03,1.5629999999999988
2019-03-28,2019-04-04,1.4916999999999998
2019-03-29,2019-04-05,1.5751999999999988
2019-04-01,2019-04-08,1.5945999999999998
2019-04-02,2019-04-09,1.5611999999999995
2019-04-03,2019-04-10,1.6143999999999998
2019-04-04,2019-04-11,1.5879999999999992
2019-04-05,2019-04-12,1.5717999999999996
2019-04-08,2019-04-15,1.6089000000000002
2019-04-09,2019-04-16,1.6425999999999998
2019-04-10,2019-04-17,1.6702999999999992
2019-04-11,2019-04-23,1.6599000000000004
2019-04-12,2019-04-24,1.6907999999999994
2019-04-15,2019-04-25,1.6850000000000005
2019-04-16,2019-04-26,1.6921999999999997
2019-04-17,2019-04-29,1.6972000000000005
2019-04-23,2019-04-30,1.649099999999999
2019-04-24,2019-05-02,1.6015999999999995
2019-04-25,2019-05-03,1.4842999999999993
2019-04-26,2019-05-06,1.4907000000000004
2019-04-29,2019-05-07,1.4832999999999998
2019-04-30,2019-05-08,1.5542999999999996
2019-05-02,2019-05-09,1.4808000000000003
2019-05-03,2019-05-10,1.4065999999999992
2019-05-06,2019-05-13,1.4300999999999995
2019-05-07,2019-05-14,1.4459999999999997
2019-05-08,2019-05-15,1.3985000000000003
2019-05-09,2019-05-16,1.4108999999999998
2019-05-10,2019-05-20,1.4285999999999994
2019-05-13,2019-05-21,1.4443000000000001
2019-05-14,2019-05-22,1.4436
2019-05-15,2019-05-23,1.4087999999999994
2019-05-16,2019-05-24,1.4681999999999995
2019-05-20,2019-05-27,1.3985000000000003
2019-05-21,2019-05-28,1.3995999999999995
2019-05-22,2019-05-29,1.4356999999999989
2019-05-23,2019-05-31,1.4154999999999998
2019-05-24,2019-06-03,1.4516999999999989
2019-05-27,2019-06-04,1.4634
2019-05-28,2019-06-05,1.4908000000000001
2019-05-29,2019-06-06,1.4120999999999988
2019-05-31,2019-06-07,1.3916000000000004
2019-06-03,2019-06-11,1.4305000000000003
2019-06-04,2019-06-12,1.4690999999999992
2019-06-05,2019-06-13,1.4900000000000002
2019-06-06,2019-06-14,1.4663000000000004
2019-06-07,2019-06-17,1.4823000000000004
2019-06-11,2019-06-18,1.5417000000000005
2019-06-12,2019-06-19,1.5333000000000006
2019-06-13,2019-06-20,1.5161999999999995
2019-06-14,2019-06-21,1.4969999999999999
2019-06-17,2019-06-24,1.4543999999999997
2019-06-18,2019-06-25,1.4306
2019-06-19,2019-06-26,1.4444
2019-06-20,2019-06-27,1.6220999999999997
2019-06-21,2019-06-28,1.6128
2019-06-24,2019-07-01,1.6905000000000001
2019-06-25,2019-07-02,1.6673999999999989
2019-06-26,2019-07-03,1.6586999999999996
2019-06-27,2019-07-04,1.6549999999999994
2019-06-28,2019-07-05,1.6540999999999997
2019-07-01,2019-07-08,1.6387999999999998
2019-07-02,2019-07-09,1.6143
2019-07-03,2019-07-10,1.6189999999999998
2019-07-04,2019-07-11,1.641399999999999
2019-07-05,2019-07-12,1.617799999999999
2019-07-08,2019-07-15,1.5374999999999996
2019-07-09,2019-07-16,1.5170999999999992
2019-07-10,2019-07-17,1.5334000000000003
2019-07-11,2019-07-18,1.636899999999999
2019-07-12,2019-07-19,1.6228999999999996
2019-07-15,2019-07-22,1.6336999999999993
2019-07-16,2019-07-23,1.6244999999999994
2019-07-17,2019-07-24,1.5928000000000004
2019-07-18,2019-07-25,1.5740999999999996
2019-07-19,2019-07-26,1.6084999999999994
2019-07-22,2019-07-29,1.5878999999999994
2019-07-23,2019-07-30,1.5077999999999996
2019-07-24,2019-07-31,1.5229
2019-07-25,2019-08-01,1.530199999999999
2019-07-26,2019-08-02,1.4712999999999994
2019-07-29,2019-08-05,1.4543999999999997
2019-07-30,2019-08-06,1.4429999999999996
2019-07-31,2019-08-07,1.4039000000000001
2019-08-01,2019-08-08,1.2822999999999993
2019-08-02,2019-08-09,1.2487999999999992
2019-08-05,2019-08-12,1.2545000000000002
2019-08-06,2019-08-13,1.274099999999999
2019-08-07,2019-08-14,1.2489999999999988
2019-08-08,2019-08-15,1.222199999999999
2019-08-09,2019-08-16,1.279
2019-08-12,2019-08-19,1.2387999999999995
2019-08-13,2019-08-20,1.2544000000000004
2019-08-14,2019-08-21,1.2310999999999996
2019-08-15,2019-08-22,1.1907999999999994
2019-08-16,2019-08-23,1.1752000000000002
2019-08-19,2019-08-26,1.1966
2019-08-20,2019-08-27,1.1766000000000005
2019-08-21,2019-08-28,1.2330000000000005
2019-08-22,2019-08-29,1.2045999999999992
2019-08-23,2019-08-30,1.1716999999999995
2019-08-26,2019-09-02,1.1877999999999993
2019-08-27,2019-09-03,1.1738
2019-08-28,2019-09-04,1.1395999999999997
2019-08-29,2019-09-05,1.1075999999999997
2019-08-30,2019-09-06,1.0766999999999989
2019-09-02,2019-09-09,1.0742999999999991
2019-09-03,2019-09-10,1.0117999999999991
2019-09-04,2019-09-11,1.1109999999999989
2019-09-05,2019-09-12,1.1896000000000004
2019-09-06,2019-09-13,1.1736000000000004
2019-09-09,2019-09-16,1.2298999999999989
2019-09-10,2019-09-17,1.1936999999999998
2019-09-11,2019-09-18,1.1980000000000004
2019-09-12,2019-09-19,1.1837
2019-09-13,2019-09-20,1.2310999999999996
2019-09-16,2019-09-23,1.1937999999999995
2019-09-17,2019-09-24,1.2195
2019-09-18,2019-09-25,1.2241999999999997
2019-09-19,2019-09-26,1.2355
2019-09-20,2019-09-27,1.1585
2019-09-23,2019-09-30,1.0943000000000005
2019-09-24,2019-10-01,1.154399999999999
2019-09-25,2019-10-02,1.1294000000000004
2019-09-26,2019-10-03,1.0998999999999999
2019-09-27,2019-10-04,1.1046999999999993
2019-09-30,2019-10-07,1.084999999999999
2019-10-01,2019-10-08,1.0457
2019-10-02,2019-10-09,1.0254999999999992
2019-10-03,2019-10-10,1.0257000000000005
2019-10-04,2019-10-11,1.0717999999999996
2019-10-07,2019-10-14,1.0404
2019-10-08,2019-10-15,1.0289000000000001
2019-10-09,2019-10-16,1.0176999999999996
2019-10-10,2019-10-17,1.0577000000000005
2019-10-11,2019-10-18,1.0829000000000004
2019-10-14,2019-10-21,1.0650999999999993
2019-10-15,2019-10-22,1.027899999999999
2019-10-16,2019-10-23,0.969199999999999
2019-10-17,2019-10-24,1.0007000000000001
2019-10-18,2019-10-25,1.0016999999999996
2019-10-21,2019-10-28,1.0755999999999997
2019-10-22,2019-10-29,1.0229999999999997
2019-10-23,2019-10-30,1.0223999999999993
2019-10-24,2019-10-31,1.0631000000000004
2019-10-25,2019-11-01,1.001199999999999
2019-10-28,2019-11-04,0.9629999999999992
2019-10-29,2019-11-05,0.9116999999999997
2019-10-30,2019-11-06,0.9442000000000004
2019-10-31,2019-11-07,0.9810999999999996
2019-11-01,2019-11-08,1.0479000000000003
2019-11-04,2019-11-11,1.0606999999999989
2019-11-05,2019-11-12,1.0334000000000003
2019-11-06,2019-11-13,1.0417000000000005
2019-11-07,2019-11-14,1.0800999999999998
2019-11-08,2019-11-15,1.028599999999999
2019-11-11,2019-11-18,1.0328
2019-11-12,2019-11-19,1.0213999999999999
2019-11-13,2019-11-20,0.9602000000000004
2019-11-14,2019-11-21,0.9701000000000004
2019-11-15,2019-11-22,1.078199999999999
2019-11-18,2019-11-25,1.0539000000000005
2019-11-19,2019-11-26,1.0677000000000003
2019-11-20,2019-11-27,0.9984000000000002
2019-11-21,2019-11-28,1.0642999999999994
2019-11-22,2019-11-29,1.0312000000000001
2019-11-25,2019-12-02,0.991299999999999
2019-11-26,2019-12-03,1.0100999999999996
2019-11-27,2019-12-04,0.9962999999999997
2019-11-28,2019-12-05,0.982899999999999
2019-11-29,2019-12-06,0.9713999999999992
2019-12-02,2019-12-09,0.9777000000000005
2019-12-03,2019-12-10,0.9891000000000005
2019-12-04,2019-12-11,0.9924999999999997
2019-12-05,2019-12-12,1.0130999999999997
2019-12-06,2019-12-13,1.0472000000000001
2019-12-09,2019-12-16,1.0312999999999999
2019-12-10,2019-12-17,0.9801000000000002
2019-12-11,2019-12-18,1.0080999999999989
2019-12-12,2019-12-19,1.072099999999999
2019-12-13,2019-12-20,1.1667000000000005
2019-12-16,2019-12-23,1.1754999999999995
2019-12-17,2019-12-27,1.1554000000000002
2019-12-18,2019-12-30,1.1437999999999988
2019-12-19,2019-12-31,1.1965000000000003
2019-12-20,2020-01-02,1.209299999999999
2019-12-23,2020-01-03,1.2216000000000005
2019-12-27,2020-01-06,1.3337000000000003
2019-12-30,2020-01-07,1.3727
2019-12-31,2020-01-08,1.3920999999999992
2020-01-02,2020-01-09,1.3804999999999996
2020-01-03,2020-01-10,1.3524999999999991
2020-01-06,2020-01-13,1.3741000000000003
2020-01-07,2020-01-14,1.3514
2020-01-08,2020-01-15,1.3097999999999992
2020-01-09,2020-01-16,1.2917000000000005
2020-01-10,2020-01-17,1.2691999999999997
2020-01-13,2020-01-20,1.2783999999999995
2020-01-14,2020-01-21,1.2727000000000004
2020-01-15,2020-01-22,1.3033000000000001
2020-01-16,2020-01-23,1.3034
2020-01-17,2020-01-24,1.2698
2020-01-20,2020-01-27,1.2580999999999989
2020-01-21,2020-01-28,1.2331000000000003
2020-01-22,2020-01-29,1.1905999999999999
2020-01-23,2020-01-30,1.1851000000000003
2020-01-24,2020-01-31,1.1669999999999998
2020-01-27,2020-02-03,1.0692000000000004
2020-01-28,2020-02-04,1.0167000000000002
2020-01-29,2020-02-05,1.0311000000000003
2020-01-30,2020-02-06,0.9477999999999991
2020-01-31,2020-02-07,0.9529999999999994
2020-02-03,2020-02-10,0.9017
2020-02-04,2020-02-11,0.9446999999999992
2020-02-05,2020-02-12,0.9939999999999998
2020-02-06,2020-02-13,0.966899999999999
2020-02-07,2020-02-14,0.9032999999999998
2020-02-10,2020-02-17,0.9322999999999997
2020-02-11,2020-02-18,0.9115000000000002
2020-02-12,2020-02-19,0.9690999999999992
2020-02-13,2020-02-20,0.9320000000000004
2020-02-14,2020-02-21,0.9252000000000002
2020-02-17,2020-02-24,0.9085999999999999
2020-02-18,2020-02-25,0.8452000000000002
2020-02-19,2020-02-26,0.8966999999999992
2020-02-20,2020-02-27,0.8623999999999992
2020-02-21,2020-02-28,0.8331999999999997
2020-02-24,2020-03-02,0.8057999999999996
2020-02-25,2020-03-03,0.7996999999999996
2020-02-26,2020-03-04,0.7827000000000002
2020-02-27,2020-03-05,0.785499999999999
2020-02-28,2020-03-06,0.7081999999999997
2020-03-02,2020-03-09,0.8177000000000003
2020-03-03,2020-03-10,0.8777999999999988
2020-03-04,2020-03-11,0.9093999999999998
2020-03-05,2020-03-12,0.9017999999999997
2020-03-06,2020-03-13,0.9114000000000004
2020-03-09,2020-03-16,0.6664999999999992
2020-03-10,2020-03-17,0.6524000000000001
2020-03-11,2020-03-18,0.5960000000000001
2020-03-12,2020-03-19,0.05829999999999913
2020-03-13,2020-03-20,0.17910000000000004
2020-03-16,2020-03-23,-0.11400000000000077
2020-03-17,2020-03-24,-0.3049999999999997
2020-03-18,2020-03-25,-0.5290999999999997
2020-03-19,2020-03-26,-1.2307000000000006
2020-03-20,2020-03-27,-1.1486999999999998
2020-03-23,2020-03-30,-1.1944
2020-03-24,2020-03-31,-0.8711000000000002
2020-03-25,2020-04-01,-0.7027000000000001
2020-03-26,2020-04-02,-0.32510000000000083
2020-03-27,2020-04-03,-0.44599999999999973
2020-03-30,2020-04-06,-0.42100000000000115
2020-03-31,2020-04-07,-0.3332999999999995
2020-04-01,2020-04-08,-0.1316000000000006
2020-04-02,2020-04-14,-0.12880000000000003
2020-04-03,2020-04-15,-0.27059999999999995
2020-04-06,2020-04-16,-0.38039999999999985
2020-04-07,2020-04-17,-0.020100000000001117
2020-04-08,2020-04-20,-0.1247000000000007
2020-04-14,2020-04-21,-0.14579999999999949
2020-04-15,2020-04-22,-0.329600000000001
2020-04-16,2020-04-23,-0.3111999999999995
2020-04-17,2020-04-24,-0.21850000000000058
2020-04-20,2020-04-27,-0.2049000000000003
2020-04-21,2020-04-28,-0.42490000000000094
2020-04-22,2020-04-29,-0.5733999999999995
2020-04-23,2020-04-30,-0.5187000000000008
2020-04-24,2020-05-04,-0.4558
2020-04-27,2020-05-05,-0.37979999999999947
2020-04-28,2020-05-06,-0.19650000000000034
2020-04-29,2020-05-07,-0.22489999999999988
2020-04-30,2020-05-08,-0.11080000000000112
2020-05-04,2020-05-11,-0.18040000000000056
2020-05-05,2020-05-12,-0.1318999999999999
2020-05-06,2020-05-13,-0.08950000000000102
2020-05-07,2020-05-14,-0.06639999999999979
2020-05-08,2020-05-15,-0.0365000000000002
2020-05-11,2020-05-18,-0.03270000000000017
2020-05-12,2020-05-19,-0.006099999999999994
2020-05-13,2020-05-20,0.1144999999999996
2020-05-14,2020-05-22,-0.07570000000000121
2020-05-15,2020-05-25,-0.06729999999999947
2020-05-18,2020-05-26,0.04839999999999911
2020-05-19,2020-05-27,0.2041000000000004
2020-05-20,2020-05-28,0.24680000000000035
2020-05-22,2020-05-29,0.16889999999999894
2020-05-25,2020-06-02,0.1487999999999996
2020-05-26,2020-06-03,0.2458999999999989
2020-05-27,2020-06-04,0.32039999999999935
2020-05-28,2020-06-05,0.3182999999999989
2020-05-29,2020-06-08,0.48489999999999966
2020-06-02,2020-06-09,0.6146999999999991
2020-06-03,2020-06-10,0.6335999999999995
2020-06-04,2020-06-11,0.7458999999999989
2020-06-05,2020-06-12,0.8693999999999988
2020-06-08,2020-06-15,0.9032
2020-06-09,2020-06-16,0.8384
2020-06-10,2020-06-17,0.9079999999999995
2020-06-11,2020-06-18,0.7257999999999996
2020-06-12,2020-06-19,0.5762
2020-06-15,2020-06-22,0.49549999999999983
2020-06-16,2020-06-23,0.6756999999999991
2020-06-17,2020-06-24,0.6416000000000004
2020-06-18,2020-06-25,0.6302000000000003
2020-06-19,2020-06-26,0.6152999999999995
2020-06-22,2020-06-29,0.5420999999999996
2020-06-23,2020-06-30,0.6879999999999988
2020-06-24,2020-07-01,0.6016999999999992
2020-06-25,2020-07-02,0.46279999999999966
2020-06-26,2020-07-03,0.4649000000000001
2020-06-29,2020-07-06,0.5115999999999996
2020-06-30,2020-07-07,0.4277999999999995
2020-07-01,2020-07-08,0.5530999999999988
2020-07-02,2020-07-09,0.7028999999999996
2020-07-03,2020-07-10,0.6593
2020-07-06,2020-07-13,0.7933000000000003
2020-07-07,2020-07-14,0.7456999999999994
2020-07-08,2020-07-15,0.7018000000000004
2020-07-09,2020-07-16,0.811399999999999
2020-07-10,2020-07-17,0.6687999999999992
2020-07-13,2020-07-20,0.7584999999999997
2020-07-14,2020-07-21,0.7561
2020-07-15,2020-07-22,0.8858999999999995
2020-07-16,2020-07-23,0.8726000000000003
2020-07-17,2020-07-24,0.8973999999999993
2020-07-20,2020-07-27,0.9078999999999997
2020-07-21,2020-07-28,1.0023
2020-07-22,2020-07-29,1.0739
2020-07-23,2020-07-30,1.0037000000000003
2020-07-24,2020-07-31,0.9587000000000003
2020-07-27,2020-08-03,1.1006999999999998
2020-07-28,2020-08-04,1.0455000000000005
2020-07-29,2020-08-05,1.0830000000000002
2020-07-30,2020-08-06,1.0425000000000004
2020-07-31,2020-08-07,1.1141000000000005
2020-08-03,2020-08-10,1.0312999999999999
2020-08-04,2020-08-11,1.0292999999999992
2020-08-05,2020-08-12,1.1808999999999994
2020-08-06,2020-08-13,1.176499999999999
2020-08-07,2020-08-14,1.1655999999999995
2020-08-10,2020-08-17,1.1364
2020-08-11,2020-08-18,1.2053999999999991
2020-08-12,2020-08-19,1.2127999999999997
2020-08-13,2020-08-20,1.2864000000000004
2020-08-14,2020-08-21,1.2498000000000005
2020-08-17,2020-08-24,1.303799999999999
2020-08-18,2020-08-25,1.3524999999999991
2020-08-19,2020-08-26,1.3350999999999988
2020-08-20,2020-08-27,1.221499999999999
2020-08-21,2020-08-28,1.1730999999999998
2020-08-24,2020-08-31,1.2090999999999994
2020-08-25,2020-09-01,1.2264
2020-08-26,2020-09-02,1.214599999999999
2020-08-27,2020-09-03,1.2635000000000005
2020-08-28,2020-09-04,1.3851999999999993
2020-08-31,2020-09-07,1.4161000000000001
2020-09-01,2020-09-08,1.4648000000000003
2020-09-02,2020-09-09,1.399099999999999
2020-09-03,2020-09-10,1.2571999999999992
2020-09-04,2020-09-11,1.2408000000000001
2020-09-07,2020-09-14,1.2538
2020-09-08,2020-09-15,1.1174
2020-09-09,2020-09-16,1.0710999999999995
2020-09-10,2020-09-17,1.1531000000000002
2020-09-11,2020-09-18,1.1434999999999995
2020-09-14,2020-09-21,1.1683000000000003
2020-09-15,2020-09-22,1.1778999999999993
2020-09-16,2020-09-23,1.1902999999999988
2020-09-17,2020-09-24,1.0821000000000005
2020-09-18,2020-09-25,1.0844000000000005
2020-09-21,2020-09-28,0.9384999999999994
2020-09-22,2020-09-29,0.8429000000000002
2020-09-23,2020-09-30,0.7696000000000005
2020-09-24,2020-10-01,0.638399999999999
2020-09-25,2020-10-02,0.5930999999999997
2020-09-28,2020-10-05,0.6967999999999996
2020-09-29,2020-10-06,0.7258999999999993
2020-09-30,2020-10-07,0.690999999999999
2020-10-01,2020-10-08,0.8911999999999995
2020-10-02,2020-10-09,0.8765999999999998
2020-10-05,2020-10-12,0.9222999999999999
2020-10-06,2020-10-13,0.9649000000000001
2020-10-07,2020-10-14,0.8849999999999998
2020-10-08,2020-10-15,0.904399999999999
2020-10-09,2020-10-16,0.9632000000000005
2020-10-12,2020-10-19,1.0253999999999994
2020-10-13,2020-10-20,1.0162999999999993
2020-10-14,2020-10-21,0.9623999999999988
2020-10-15,2020-10-22,0.7965999999999998
2020-10-16,2020-10-23,0.8400999999999996
2020-10-19,2020-10-26,0.8834999999999997
2020-10-20,2020-10-27,0.883799999999999
2020-10-21,2020-10-28,0.9490999999999996
2020-10-22,2020-10-29,0.9239999999999995
2020-10-23,2020-10-30,0.9636999999999993
2020-10-26,2020-11-02,0.9106000000000005
2020-10-27,2020-11-03,1.0109999999999992
2020-10-28,2020-11-04,0.8185000000000002
2020-10-29,2020-11-05,0.6462000000000003
2020-10-30,2020-11-06,0.688699999999999
2020-11-02,2020-11-09,0.6351999999999993
2020-11-03,2020-11-10,0.7635000000000005
2020-11-04,2020-11-11,0.8231000000000002
2020-11-05,2020-11-12,1.0200999999999993
2020-11-06,2020-11-13,0.9725000000000001
2020-11-09,2020-11-16,1.1593999999999998
2020-11-10,2020-11-17,1.1431000000000004
2020-11-11,2020-11-18,1.0976999999999997
2020-11-12,2020-11-19,1.0419
2020-11-13,2020-11-20,1.0210999999999988
2020-11-16,2020-11-23,1.1014
2020-11-17,2020-11-24,1.1097000000000001
2020-11-18,2020-11-25,1.1469000000000005
2020-11-19,2020-11-26,1.137599999999999
2020-11-20,2020-11-27,1.1853999999999996
2020-11-23,2020-11-30,1.1897000000000002
2020-11-24,2020-12-01,1.1738
2020-11-25,2020-12-02,1.3003999999999998
2020-11-26,2020-12-03,1.2896
2020-11-27,2020-12-04,1.3123000000000005
2020-11-30,2020-12-07,1.3568999999999996
2020-12-01,2020-12-08,1.3131000000000004
2020-12-02,2020-12-09,1.3042999999999996
2020-12-03,2020-12-10,1.3607999999999993
2020-12-04,2020-12-11,1.4054000000000002
2020-12-07,2020-12-14,1.405199999999999
2020-12-08,2020-12-15,1.3987999999999996
2020-12-09,2020-12-16,1.4382000000000001
2020-12-10,2020-12-17,1.340399999999999
2020-12-11,2020-12-18,1.351799999999999
2020-12-14,2020-12-21,1.4704999999999995
2020-12-15,2020-12-22,1.4293999999999993
2020-12-16,2020-12-23,1.4933999999999994
2020-12-17,2020-12-28,1.5968999999999998
2020-12-18,2020-12-29,1.5939999999999994
2020-12-21,2020-12-30,1.4221000000000004
2020-12-22,2020-12-31,1.5166000000000004
2020-12-23,2021-01-04,1.4399999999999995
2020-12-28,2021-01-05,1.5208999999999993
2020-12-29,2021-01-06,1.5664999999999996
2020-12-30,2021-01-07,1.584299999999999
2020-12-31,2021-01-08,1.6397999999999993
2021-01-04,2021-01-11,1.6785999999999994
2021-01-05,2021-01-12,1.6389999999999993
2021-01-06,2021-01-13,1.7585999999999995
2021-01-07,2021-01-14,1.746599999999999
2021-01-08,2021-01-15,1.7753999999999994
2021-01-11,2021-01-18,1.6481999999999992
2021-01-12,2021-01-19,1.6397999999999993
2021-01-13,2021-01-20,1.6740999999999993
2021-01-14,2021-01-21,1.6678999999999995
2021-01-15,2021-01-22,1.6649999999999991
2021-01-18,2021-01-25,1.5634999999999994
2021-01-19,2021-01-26,1.6475999999999988
2021-01-20,2021-01-27,1.6417000000000002
2021-01-21,2021-01-28,1.7407000000000004
2021-01-22,2021-01-29,1.6753
2021-01-25,2021-02-01,1.6570999999999998
2021-01-26,2021-02-02,1.6182999999999996
2021-01-27,2021-02-03,1.5414999999999992
2021-01-28,2021-02-04,1.4712999999999994
2021-01-29,2021-02-05,1.649799999999999
2021-02-01,2021-02-08,1.575099999999999
2021-02-02,2021-02-09,1.581999999999999
2021-02-03,2021-02-10,1.5563000000000002
2021-02-04,2021-02-11,1.554499999999999
2021-02-05,2021-02-12,1.5711999999999993
2021-02-08,2021-02-15,1.6297999999999995
2021-02-09,2021-02-16,1.6968999999999994
2021-02-10,2021-02-17,1.7382999999999988
2021-02-11,2021-02-18,1.7263000000000002
2021-02-12,2021-02-19,1.677999999999999
2021-02-15,2021-02-22,1.7659000000000002
2021-02-16,2021-02-23,1.7775999999999996
2021-02-17,2021-02-24,1.7052999999999994
2021-02-18,2021-02-25,1.7167999999999992
2021-02-19,2021-02-26,1.761899999999999
2021-02-22,2021-03-01,1.6678999999999995
2021-02-23,2021-03-02,1.6745
2021-02-24,2021-03-03,1.7348
2021-02-25,2021-03-04,1.8063000000000002
2021-02-26,2021-03-05,1.5913000000000004
2021-03-01,2021-03-08,1.577
2021-03-02,2021-03-09,1.645999999999999
2021-03-03,2021-03-10,1.6687999999999992
2021-03-04,2021-03-11,1.6470000000000002
2021-03-05,2021-03-12,1.6189999999999998
2021-03-08,2021-03-15,1.5945
2021-03-09,2021-03-16,1.6943000000000001
2021-03-10,2021-03-17,1.6950000000000003
2021-03-11,2021-03-18,1.7415000000000003
2021-03-12,2021-03-19,1.7199999999999989
2021-03-15,2021-03-22,1.7003000000000004
2021-03-16,2021-03-23,1.7012
2021-03-17,2021-03-24,1.6721000000000004
2021-03-18,2021-03-25,1.688699999999999
2021-03-19,2021-03-26,1.593
2021-03-22,2021-03-29,1.6706000000000003
2021-03-23,2021-03-30,1.6069999999999993
2021-03-24,2021-03-31,1.5835999999999988
2021-03-25,2021-04-06,1.5591999999999988
2021-03-26,2021-04-07,1.5780999999999992
2021-03-29,2021-04-08,1.6236999999999995
2021-03-30,2021-04-09,1.6029999999999998
2021-03-31,2021-04-12,1.647499999999999
2021-04-06,2021-04-13,1.641399999999999
2021-04-07,2021-04-14,1.7127
2021-04-08,2021-04-15,1.6841999999999988
2021-04-09,2021-04-16,1.6654999999999998
2021-04-12,2021-04-19,1.6928999999999998
2021-04-13,2021-04-20,1.625399999999999
2021-04-14,2021-04-21,1.7516999999999996
2021-04-15,2021-04-22,1.782
2021-04-16,2021-04-23,1.8142999999999994
2021-04-19,2021-04-26,1.8855000000000004
2021-04-20,2021-04-27,1.8772000000000002
2021-04-21,2021-04-28,1.8087
2021-04-22,2021-04-29,1.8315000000000001
2021-04-23,2021-04-30,1.8490000000000002
2021-04-26,2021-05-03,1.8681
2021-04-27,2021-05-04,1.893699999999999
2021-04-28,2021-05-05,1.904399999999999
2021-04-29,2021-05-06,1.9981999999999989
2021-04-30,2021-05-07,1.9343000000000004
2021-05-03,2021-05-10,1.8561999999999994
2021-05-04,2021-05-11,1.843399999999999
2021-05-05,2021-05-12,1.8552
2021-05-06,2021-05-14,1.834299999999999
2021-05-07,2021-05-18,1.8695000000000004
2021-05-10,2021-05-19,1.9541000000000004
2021-05-11,2021-05-20,1.9291999999999998
2021-05-12,2021-05-21,1.8985000000000003
2021-05-14,2021-05-25,1.9175000000000004
2021-05-18,2021-05-26,1.9802
2021-05-19,2021-05-27,1.8971
2021-05-20,2021-05-28,1.8322000000000003
2021-05-21,2021-05-31,1.8510999999999989
2021-05-25,2021-06-01,1.8582
2021-05-26,2021-06-02,1.8495999999999988
2021-05-27,2021-06-03,1.8141999999999996
2021-05-28,2021-06-04,1.7890999999999995
2021-05-31,2021-06-07,1.7973999999999997
2021-06-01,2021-06-08,1.9013999999999989
2021-06-02,2021-06-09,1.8520000000000003
2021-06-03,2021-06-10,1.8437999999999999
2021-06-04,2021-06-11,1.790799999999999
2021-06-07,2021-06-14,1.9103999999999992
2021-06-08,2021-06-15,1.924199999999999
2021-06-09,2021-06-16,1.9298000000000002
2021-06-10,2021-06-17,1.866299999999999
2021-06-11,2021-06-18,1.8567
2021-06-14,2021-06-21,1.8477999999999994
2021-06-15,2021-06-22,1.8453999999999997
2021-06-16,2021-06-23,1.8247
2021-06-17,2021-06-24,1.6297999999999995
2021-06-18,2021-06-25,1.5266000000000002
2021-06-21,2021-06-28,1.5379000000000005
2021-06-22,2021-06-29,1.58
2021-06-23,2021-06-30,1.6606000000000005
2021-06-24,2021-07-01,1.6486
2021-06-25,2021-07-02,1.6904000000000003
2021-06-28,2021-07-05,1.6280999999999999
2021-06-29,2021-07-06,1.6013000000000002
2021-06-30,2021-07-07,1.613199999999999
2021-07-01,2021-07-08,1.5806000000000004
2021-07-02,2021-07-09,1.513399999999999
2021-07-05,2021-07-12,1.5951000000000004
2021-07-06,2021-07-13,1.5434
2021-07-07,2021-07-14,1.5107999999999997
2021-07-08,2021-07-15,1.3754999999999988
2021-07-09,2021-07-16,1.4562999999999988
2021-07-12,2021-07-19,1.4582999999999995
2021-07-13,2021-07-20,1.4687999999999999
2021-07-14,2021-07-21,1.4253999999999998
2021-07-15,2021-07-22,1.3821999999999992
2021-07-16,2021-07-23,1.3706999999999994
2021-07-19,2021-07-26,1.216099999999999
2021-07-20,2021-07-27,1.1557999999999993
2021-07-21,2021-07-28,1.1843000000000004
2021-07-22,2021-07-29,1.3575
2021-07-23,2021-07-30,1.3285999999999998
2021-07-26,2021-08-02,1.3262
2021-07-27,2021-08-03,1.330499999999999
2021-07-28,2021-08-04,1.293899999999999
2021-07-29,2021-08-05,1.4135999999999989
2021-07-30,2021-08-06,1.392199999999999
2021-08-02,2021-08-09,1.3792999999999989
2021-08-03,2021-08-10,1.392999999999999
2021-08-04,2021-08-11,1.3577999999999992
2021-08-05,2021-08-12,1.3613999999999997
2021-08-06,2021-08-13,1.3445999999999998
2021-08-09,2021-08-16,1.2544000000000004
2021-08-10,2021-08-17,1.2422000000000004
2021-08-11,2021-08-18,1.250399999999999
2021-08-12,2021-08-19,1.3338999999999999
2021-08-13,2021-08-20,1.3536000000000001
2021-08-16,2021-08-23,1.3338
2021-08-17,2021-08-24,1.3355999999999995
2021-08-18,2021-08-25,1.2821999999999996
2021-08-19,2021-08-26,1.1564999999999994
2021-08-20,2021-08-27,1.0900999999999996
2021-08-23,2021-08-30,1.2228999999999992
2021-08-24,2021-08-31,1.3134999999999994
2021-08-25,2021-09-01,1.3224999999999998
2021-08-26,2021-09-02,1.3667999999999996
2021-08-27,2021-09-03,1.3658000000000001
2021-08-30,2021-09-06,1.4955999999999996
2021-08-31,2021-09-07,1.5024999999999995
2021-09-01,2021-09-08,1.4871999999999996
2021-09-02,2021-09-09,1.4826999999999995
2021-09-03,2021-09-10,1.5185999999999993
2021-09-06,2021-09-13,1.5136000000000003
2021-09-07,2021-09-14,1.4886
2021-09-08,2021-09-15,1.4931
2021-09-09,2021-09-16,1.5013000000000005
2021-09-10,2021-09-17,1.5558999999999994
2021-09-13,2021-09-20,1.5234000000000005
2021-09-14,2021-09-21,1.5602
2021-09-15,2021-09-22,1.5951000000000004
2021-09-16,2021-09-23,1.5611999999999995
2021-09-17,2021-09-24,1.5808999999999997
2021-09-20,2021-09-27,1.4259000000000004
2021-09-21,2021-09-28,1.4972999999999992
2021-09-22,2021-09-29,1.5383999999999993
2021-09-23,2021-09-30,1.562899999999999
2021-09-24,2021-10-01,1.5633
2021-09-27,2021-10-04,1.5678999999999998
2021-09-28,2021-10-05,1.5219000000000005
2021-09-29,2021-10-06,1.4689999999999994
2021-09-30,2021-10-07,1.3935999999999993
2021-10-01,2021-10-08,1.5341000000000005
2021-10-04,2021-10-11,1.5981000000000005
2021-10-05,2021-10-12,1.6259999999999994
2021-10-06,2021-10-13,1.575099999999999
2021-10-07,2021-10-14,1.5762999999999998
2021-10-08,2021-10-15,1.6275999999999993
2021-10-11,2021-10-18,1.6290999999999993
2021-10-12,2021-10-19,1.6386000000000003
2021-10-13,2021-10-20,1.6484000000000005
2021-10-14,2021-10-21,1.7317999999999998
2021-10-15,2021-10-22,1.7578999999999994
2021-10-18,2021-10-25,1.7577999999999996
2021-10-19,2021-10-26,1.8205999999999989
2021-10-20,2021-10-27,1.7895000000000003
2021-10-21,2021-10-28,1.8312999999999988
2021-10-22,2021-10-29,1.8255
2021-10-25,2021-11-01,1.8040000000000003
2021-10-26,2021-11-02,1.838099999999999
2021-10-27,2021-11-03,1.7908999999999988
2021-10-28,2021-11-04,1.764899999999999
2021-10-29,2021-11-05,1.8001000000000005
2021-11-01,2021-11-08,1.7626999999999988
2021-11-02,2021-11-09,1.7332
2021-11-03,2021-11-10,1.6554000000000002
2021-11-04,2021-11-11,1.6504999999999992
2021-11-05,2021-11-12,1.5884999999999998
2021-11-08,2021-11-15,1.644499999999999
2021-11-09,2021-11-16,1.6593999999999998
2021-11-10,2021-11-17,1.620099999999999
2021-11-11,2021-11-18,1.472999999999999
2021-11-12,2021-11-19,1.4802
2021-11-15,2021-11-22,1.506499999999999
2021-11-16,2021-11-23,1.4757999999999996
2021-11-17,2021-11-24,1.4329999999999998
2021-11-18,2021-11-25,1.4000000000000004
2021-11-19,2021-11-26,1.2571999999999992
2021-11-22,2021-11-29,1.2422000000000004
2021-11-23,2021-11-30,1.227599999999999
2021-11-24,2021-12-01,1.2254000000000005
2021-11-25,2021-12-02,1.2037999999999993
2021-11-26,2021-12-03,1.1729000000000003
2021-11-29,2021-12-06,1.1142000000000003
2021-11-30,2021-12-07,1.1258999999999997
2021-12-01,2021-12-08,1.1397999999999993
2021-12-02,2021-12-09,1.0921000000000003
2021-12-03,2021-12-10,1.0611999999999995
2021-12-06,2021-12-13,1.0518999999999998
2021-12-07,2021-12-14,1.1195000000000004
2021-12-08,2021-12-15,1.2370999999999999
2021-12-09,2021-12-16,1.1944
2021-12-10,2021-12-17,1.1831999999999994
2021-12-13,2021-12-20,1.1639
2021-12-14,2021-12-21,1.1109999999999989
2021-12-15,2021-12-22,1.0907
2021-12-16,2021-12-23,1.2222999999999988
2021-12-17,2021-12-27,1.1889000000000003
2021-12-20,2021-12-28,1.1318000000000001
2021-12-21,2021-12-29,1.187199999999999
2021-12-22,2021-12-30,1.2693999999999992
2021-12-23,2021-12-31,1.3207000000000004
2021-12-27,2022-01-03,1.2964000000000002
2021-12-28,2022-01-04,1.3711000000000002
2021-12-29,2022-01-05,1.3354999999999997
2021-12-30,2022-01-06,1.3756000000000004
2021-12-31,2022-01-07,1.3529999999999998
2022-01-03,2022-01-10,1.3645999999999994
2022-01-04,2022-01-11,1.2941000000000003
2022-01-05,2022-01-12,1.3666999999999998
2022-01-06,2022-01-13,1.3035999999999994
2022-01-07,2022-01-14,1.2957999999999998
2022-01-10,2022-01-17,1.3146000000000004
2022-01-11,2022-01-18,1.3363999999999994
2022-01-12,2022-01-19,1.4414999999999996
2022-01-13,2022-01-20,1.5069
2022-01-14,2022-01-21,1.4484999999999992
2022-01-17,2022-01-24,1.4358000000000004
2022-01-18,2022-01-25,1.4069000000000003
2022-01-19,2022-01-26,1.4137000000000004
2022-01-20,2022-01-27,1.3896999999999995
2022-01-21,2022-01-28,1.3141999999999996
2022-01-24,2022-01-31,1.181099999999999
2022-01-25,2022-02-01,1.1747999999999994
2022-01-26,2022-02-02,1.294599999999999
2022-01-27,2022-02-03,1.2204999999999995
2022-01-28,2022-02-04,1.1707999999999998
2022-01-31,2022-02-07,1.2010000000000005
2022-02-01,2022-02-08,1.323599999999999
2022-02-02,2022-02-09,1.408999999999999
2022-02-03,2022-02-10,1.3521999999999998
2022-02-04,2022-02-11,1.4072999999999993
2022-02-07,2022-02-14,1.3789999999999996
2022-02-08,2022-02-15,1.3401999999999994
2022-02-09,2022-02-16,1.376199999999999
2022-02-10,2022-02-17,1.3697999999999997
2022-02-11,2022-02-18,1.3493999999999993
2022-02-14,2022-02-21,1.274099999999999
2022-02-15,2022-02-22,1.2791999999999994
2022-02-16,2022-02-23,1.2826000000000004
2022-02-17,2022-02-24,1.2696000000000005
2022-02-18,2022-02-25,1.235899999999999
2022-02-21,2022-02-28,1.1991999999999994
2022-02-22,2022-03-01,1.2659000000000002
2022-02-23,2022-03-02,1.3276000000000003
2022-02-24,2022-03-03,1.1356000000000002
2022-02-25,2022-03-04,1.2782999999999998
2022-02-28,2022-03-07,1.290799999999999
2022-03-01,2022-03-08,1.3390000000000004
2022-03-02,2022-03-09,1.2739999999999991
2022-03-03,2022-03-10,1.2866999999999997
2022-03-04,2022-03-11,1.172699999999999
2022-03-07,2022-03-14,1.1475999999999988
2022-03-08,2022-03-15,1.1818999999999988
2022-03-09,2022-03-16,1.2594999999999992
2022-03-10,2022-03-17,1.2234999999999996
2022-03-11,2022-03-18,1.2522000000000002
2022-03-14,2022-03-21,1.1770999999999994
2022-03-15,2022-03-22,1.2113999999999994
2022-03-16,2022-03-23,1.2594999999999992
2022-03-17,2022-03-24,1.3224999999999998
2022-03-18,2022-03-25,1.3660999999999994
2022-03-21,2022-03-28,1.4230999999999998
2022-03-22,2022-03-29,1.4429999999999996
2022-03-23,2022-03-30,1.394499999999999
2022-03-24,2022-03-31,1.5257000000000005
2022-03-25,2022-04-01,1.5190000000000001
2022-03-28,2022-04-04,1.4979999999999993
2022-03-29,2022-04-05,1.5124999999999993
2022-03-30,2022-04-06,1.5082000000000004
2022-03-31,2022-04-07,1.4245
2022-04-01,2022-04-08,1.4293999999999993
2022-04-04,2022-04-11,1.4954999999999998
2022-04-05,2022-04-12,1.475299999999999
2022-04-06,2022-04-13,1.427299999999999
2022-04-07,2022-04-19,1.415099999999999
2022-04-08,2022-04-20,1.418099999999999
2022-04-11,2022-04-21,1.4130000000000003
2022-04-12,2022-04-22,1.3890999999999991
2022-04-13,2022-04-25,1.3331999999999997
2022-04-19,2022-04-26,1.3574000000000002
2022-04-20,2022-04-27,1.3596000000000004
2022-04-21,2022-04-28,1.3739999999999988
2022-04-22,2022-04-29,1.2738999999999994
2022-04-25,2022-05-02,1.1441
2022-04-26,2022-05-03,0.996599999999999
2022-04-27,2022-05-04,0.9276
2022-04-28,2022-05-05,0.7312999999999992
2022-04-29,2022-05-06,0.9195999999999991
2022-05-02,2022-05-09,0.7417999999999996
2022-05-03,2022-05-10,0.7852999999999994
2022-05-04,2022-05-11,0.7675999999999998
2022-05-05,2022-05-12,0.8552999999999997
2022-05-06,2022-05-13,0.7297999999999991
2022-05-09,2022-05-16,0.6465999999999994
2022-05-10,2022-05-18,0.47799999999999976
2022-05-11,2022-05-19,0.5265000000000004
2022-05-12,2022-05-20,0.2859999999999996
2022-05-13,2022-05-23,0.34639999999999915
2022-05-16,2022-05-24,0.36739999999999995
2022-05-18,2022-05-25,0.46749999999999936
2022-05-19,2022-05-27,0.37650000000000006
2022-05-20,2022-05-30,0.4702000000000002
2022-05-23,2022-05-31,0.5541999999999998
2022-05-24,2022-06-01,0.5745000000000005
2022-05-25,2022-06-02,0.5343
2022-05-27,2022-06-03,0.678799999999999
2022-05-30,2022-06-07,0.7654999999999994
2022-05-31,2022-06-08,0.7462
2022-06-01,2022-06-09,0.7961999999999989
2022-06-02,2022-06-10,0.7405999999999988
2022-06-03,2022-06-13,0.7567000000000004
2022-06-07,2022-06-14,0.6204000000000001
2022-06-08,2022-06-15,0.730599999999999
2022-06-09,2022-06-16,0.694799999999999
2022-06-10,2022-06-17,0.5774999999999988
2022-06-13,2022-06-20,0.29940000000000033
2022-06-14,2022-06-21,0.22739999999999938
2022-06-15,2022-06-22,0.21480000000000032
2022-06-16,2022-06-23,0.11589999999999989
2022-06-17,2022-06-24,0.20429999999999993
2022-06-20,2022-06-27,0.27559999999999896
2022-06-21,2022-06-28,0.3825000000000003
2022-06-22,2022-06-29,0.18810000000000038
2022-06-23,2022-06-30,0.18960000000000043
2022-06-24,2022-07-01,0.2574000000000005
2022-06-27,2022-07-04,0.3274999999999988
2022-06-28,2022-07-05,0.3844999999999992
2022-06-29,2022-07-06,0.37260000000000026
2022-06-30,2022-07-07,0.20950000000000024
2022-07-01,2022-07-08,0.22989999999999888
2022-07-04,2022-07-11,0.3247
2022-07-05,2022-07-12,0.1772999999999989
2022-07-06,2022-07-13,0.07089999999999996
2022-07-07,2022-07-14,0.06339999999999968
2022-07-08,2022-07-15,0.07399999999999984
2022-07-11,2022-07-18,-0.02660000000000018
2022-07-12,2022-07-19,-0.0600000000000005
2022-07-13,2022-07-20,-0.002200000000000202
2022-07-14,2022-07-21,-0.07610000000000028
2022-07-15,2022-07-22,-0.04359999999999964
2022-07-18,2022-07-25,0.04969999999999963
2022-07-19,2022-07-26,0.23969999999999914
2022-07-20,2022-07-27,0.2378
2022-07-21,2022-07-28,0.19589999999999996
2022-07-22,2022-07-29,0.21189999999999998
2022-07-25,2022-08-01,0.33419999999999916
2022-07-26,2022-08-02,0.28449999999999953
2022-07-27,2022-08-03,0.36570000000000036
2022-07-28,2022-08-04,0.39339999999999975
2022-07-29,2022-08-05,0.48690000000000033
2022-08-01,2022-08-08,0.533199999999999
2022-08-02,2022-08-09,0.45950000000000024
2022-08-03,2022-08-10,0.4859999999999989
2022-08-04,2022-08-11,0.44200000000000017
2022-08-05,2022-08-12,0.41769999999999996
2022-08-08,2022-08-15,0.4259000000000004
2022-08-09,2022-08-16,0.46309999999999896
2022-08-10,2022-08-17,0.5041999999999991
2022-08-11,2022-08-18,0.6889000000000003
2022-08-12,2022-08-19,0.6312999999999995
2022-08-15,2022-08-22,0.49019999999999975
2022-08-16,2022-08-23,0.4568999999999992
2022-08-17,2022-08-24,0.4884000000000004
2022-08-18,2022-08-25,0.516
2022-08-19,2022-08-26,0.38349999999999973
2022-08-22,2022-08-29,0.4015000000000004
2022-08-23,2022-08-30,0.35689999999999955
2022-08-24,2022-08-31,0.4724000000000004
2022-08-25,2022-09-01,0.5033999999999992
2022-08-26,2022-09-02,0.5122
2022-08-29,2022-09-05,0.39119999999999955
2022-08-30,2022-09-06,0.4501999999999988
2022-08-31,2022-09-07,0.23359999999999914
2022-09-01,2022-09-08,0.16339999999999932
2022-09-02,2022-09-09,0.16189999999999927
2022-09-05,2022-09-12,0.17360000000000042
2022-09-06,2022-09-13,0.20609999999999928
2022-09-07,2022-09-14,0.10839999999999961
2022-09-08,2022-09-15,0.11989999999999945
2022-09-09,2022-09-16,0.23749999999999893
2022-09-12,2022-09-19,0.3528000000000002
2022-09-13,2022-09-20,0.34559999999999924
2022-09-14,2022-09-21,0.0497999999999994
2022-09-15,2022-09-22,0.04400000000000048
2022-09-16,2022-09-23,-0.07319999999999993
2022-09-19,2022-09-26,-0.12049999999999983
2022-09-20,2022-09-27,-0.11500000000000021
2022-09-21,2022-09-28,-0.2110000000000003
2022-09-22,2022-09-29,-0.18270000000000053
2022-09-23,2022-09-30,-0.3192000000000004
2022-09-26,2022-10-03,-0.5662000000000003
2022-09-27,2022-10-04,-0.5569000000000006
2022-09-28,2022-10-05,-0.7607999999999997
2022-09-29,2022-10-06,-0.5960000000000001
2022-09-30,2022-10-07,-0.6850000000000005
2022-10-03,2022-10-10,-0.6485000000000003
2022-10-04,2022-10-11,-0.4347000000000012
2022-10-05,2022-10-12,-0.40329999999999977
2022-10-06,2022-10-13,-0.4035000000000011
2022-10-07,2022-10-14,-0.4939
2022-10-10,2022-10-17,-0.4884000000000004
2022-10-11,2022-10-18,-0.5480999999999998
2022-10-12,2022-10-19,-0.5576000000000008
2022-10-13,2022-10-20,-0.4574999999999996
2022-10-14,2022-10-21,-0.46080000000000076
2022-10-17,2022-10-24,-0.44679999999999964
2022-10-18,2022-10-25,-0.35410000000000075
2022-10-19,2022-10-26,-0.44560000000000066
2022-10-20,2022-10-27,-0.4299999999999997
2022-10-21,2022-10-28,-0.5486000000000004
2022-10-24,2022-10-31,-0.37680000000000113
2022-10-25,2022-11-01,-0.3651
2022-10-26,2022-11-02,-0.14470000000000027
2022-10-27,2022-11-03,-0.13150000000000084
2022-10-28,2022-11-04,-0.1477000000000004
2022-10-31,2022-11-07,-0.2198000000000011
2022-11-01,2022-11-08,-0.06540000000000035
2022-11-02,2022-11-09,-0.1615000000000002
2022-11-03,2022-11-10,-0.4441000000000006
2022-11-04,2022-11-11,-0.1617999999999995
2022-11-07,2022-11-14,-0.09030000000000094
2022-11-08,2022-11-15,-0.11120000000000019
2022-11-09,2022-11-16,-0.1095000000000006
2022-11-10,2022-11-17,-0.2370000000000001
2022-11-11,2022-11-18,0.21560000000000024
2022-11-14,2022-11-21,0.1769999999999996
2022-11-15,2022-11-22,0.21759999999999913
2022-11-16,2022-11-23,0.21509999999999962
2022-11-17,2022-11-24,-0.001100000000000989
2022-11-18,2022-11-25,0.05659999999999954
2022-11-21,2022-11-28,-0.06550000000000011
2022-11-22,2022-11-29,0.006399999999999295
2022-11-23,2022-11-30,0.13279999999999959
2022-11-24,2022-12-01,0.23910000000000053
2022-11-25,2022-12-02,0.2461000000000002
2022-11-28,2022-12-05,0.26699999999999946
2022-11-29,2022-12-06,0.20589999999999975
2022-11-30,2022-12-07,0.2796000000000003
2022-12-01,2022-12-08,0.3680000000000003
2022-12-02,2022-12-09,0.4347999999999992
2022-12-05,2022-12-12,0.40889999999999915
2022-12-06,2022-12-13,0.2439
2022-12-07,2022-12-14,0.17569999999999908
2022-12-08,2022-12-15,0.2019000000000002
2022-12-09,2022-12-16,0.19559999999999889
2022-12-12,2022-12-19,0.1791999999999998
2022-12-13,2022-12-20,0.24549999999999983
2022-12-14,2022-12-21,0.4419000000000004
2022-12-15,2022-12-22,0.37929999999999886
2022-12-16,2022-12-23,0.30020000000000024
2022-12-19,2022-12-27,0.2624999999999993
2022-12-20,2022-12-28,0.25659999999999883
2022-12-21,2022-12-29,0.36519999999999975
2022-12-22,2022-12-30,0.379999999999999
2022-12-23,2023-01-02,0.33919999999999995
2022-12-27,2023-01-03,0.2989999999999995
2022-12-28,2023-01-04,0.35139999999999993
2022-12-29,2023-01-05,0.26539999999999964
2022-12-30,2023-01-06,0.31509999999999927
2023-01-02,2023-01-09,0.3310999999999993
2023-01-03,2023-01-10,0.18849999999999945
2023-01-04,2023-01-11,0.04129999999999967
2023-01-05,2023-01-12,0.055600000000000094
2023-01-06,2023-01-13,-0.120000000000001
2023-01-09,2023-01-16,0.25210000000000043
2023-01-10,2023-01-17,0.21389999999999887
2023-01-11,2023-01-18,0.18079999999999963
2023-01-12,2023-01-19,0.21809999999999974
2023-01-13,2023-01-20,0.2828999999999997
2023-01-16,2023-01-23,0.28110000000000035
2023-01-17,2023-01-24,0.2615999999999996
2023-01-18,2023-01-25,0.341899999999999
2023-01-19,2023-01-26,0.2362000000000002
2023-01-20,2023-01-27,0.2762999999999991
2023-01-23,2023-01-30,0.3448999999999991
2023-01-24,2023-01-31,0.3001000000000005
2023-01-25,2023-02-01,0.25370000000000026
2023-01-26,2023-02-02,0.2944999999999993
2023-01-27,2023-02-03,0.26900000000000013
2023-01-30,2023-02-06,0.27369999999999983
2023-01-31,2023-02-07,0.10289999999999999
2023-02-01,2023-02-08,0.20650000000000013
2023-02-02,2023-02-09,0.20379999999999932
2023-02-03,2023-02-10,0.13459999999999894
2023-02-06,2023-02-13,-0.0752000000000006
2023-02-07,2023-02-14,-0.2251000000000012
2023-02-08,2023-02-15,-0.0987000000000009
2023-02-09,2023-02-16,0.0411999999999999
2023-02-10,2023-02-17,0.0030999999999998806
2023-02-13,2023-02-20,0.04579999999999984
2023-02-14,2023-02-21,0.06199999999999939
2023-02-15,2023-02-22,-0.032600000000000406
2023-02-16,2023-02-23,-0.0625
2023-02-17,2023-02-24,-0.19470000000000098
2023-02-20,2023-02-27,-0.10330000000000084
2023-02-21,2023-02-28,-0.09280000000000044
2023-02-22,2023-03-01,-0.13060000000000116
2023-02-23,2023-03-02,-0.14649999999999963
2023-02-24,2023-03-03,-0.17480000000000118
2023-02-27,2023-03-06,-0.21560000000000024
2023-02-28,2023-03-07,-0.15939999999999976
2023-03-01,2023-03-08,-0.15750000000000064
2023-03-02,2023-03-09,-0.28020000000000067
2023-03-03,2023-03-10,-0.2477999999999998
2023-03-06,2023-03-13,-0.2643000000000004
2023-03-07,2023-03-14,-0.32310000000000016
2023-03-08,2023-03-15,-0.4681999999999995
2023-03-09,2023-03-16,-0.5074000000000005
2023-03-10,2023-03-17,-0.4925999999999995
2023-03-13,2023-03-20,-0.46579999999999977
2023-03-14,2023-03-21,-0.3846000000000007
2023-03-15,2023-03-22,-0.5774000000000008
2023-03-16,2023-03-23,-0.6334
2023-03-17,2023-03-24,-0.579600000000001
2023-03-20,2023-03-27,-0.4845000000000006
2023-03-21,2023-03-28,-0.3254999999999999
2023-03-22,2023-03-29,-0.33479999999999954
2023-03-23,2023-03-30,-0.19989999999999952
2023-03-24,2023-03-31,-0.35020000000000095
2023-03-27,2023-04-03,-0.3521000000000001
2023-03-28,2023-04-04,-0.27309999999999945
2023-03-29,2023-04-05,-0.24570000000000114
2023-03-30,2023-04-11,-0.26030000000000086
2023-03-31,2023-04-12,-0.3048000000000002
2023-04-03,2023-04-13,-0.1786000000000012
2023-04-04,2023-04-14,-0.13349999999999973
2023-04-05,2023-04-17,-0.2472000000000012
2023-04-11,2023-04-18,-0.4131
2023-04-12,2023-04-19,-0.3335000000000008
2023-04-13,2023-04-20,-0.2289000000000012
2023-04-14,2023-04-21,-0.13959999999999972
2023-04-17,2023-04-24,-0.176400000000001
2023-04-18,2023-04-25,-0.27919999999999945
2023-04-19,2023-04-26,-0.3769000000000009
2023-04-20,2023-04-27,-0.43069999999999986
2023-04-21,2023-04-28,-0.4402000000000008
2023-04-24,2023-05-02,-0.41389999999999993
2023-04-25,2023-05-03,-0.43820000000000014
2023-04-26,2023-05-04,-0.4463000000000008
2023-04-27,2023-05-05,-0.4361999999999995
2023-04-28,2023-05-08,-0.5652000000000008
2023-05-02,2023-05-09,-0.5545000000000009
2023-05-03,2023-05-10,-0.5910000000000011
2023-05-04,2023-05-11,-0.508700000000001
2023-05-05,2023-05-12,-0.44090000000000096
2023-05-08,2023-05-15,-0.2928999999999995
2023-05-09,2023-05-16,-0.3896999999999995
2023-05-10,2023-05-19,-0.3742000000000001
2023-05-11,2023-05-22,-0.3656000000000006
2023-05-12,2023-05-23,-0.5061
2023-05-15,2023-05-24,-0.47770000000000046
2023-05-16,2023-05-25,-0.5003000000000011
2023-05-19,2023-05-26,-0.6538000000000004
2023-05-22,2023-05-30,-0.7096
2023-05-23,2023-05-31,-0.7674000000000003
2023-05-24,2023-06-01,-0.7849000000000004
2023-05-25,2023-06-02,-0.7912999999999997
2023-05-26,2023-06-05,-0.8236000000000008
2023-05-30,2023-06-06,-0.8797999999999995
2023-05-31,2023-06-07,-1.0646000000000004
2023-06-01,2023-06-08,-1.014800000000001
2023-06-02,2023-06-09,-0.8329000000000004
2023-06-05,2023-06-12,-0.8917000000000002
2023-06-06,2023-06-13,-0.9457000000000004
2023-06-07,2023-06-14,-0.8358000000000008
2023-06-08,2023-06-15,-0.7785000000000011
2023-06-09,2023-06-16,-0.599400000000001
2023-06-12,2023-06-19,-0.6348000000000003
2023-06-13,2023-06-20,-0.5971000000000011
2023-06-14,2023-06-21,-0.444700000000001
2023-06-15,2023-06-22,-0.4594000000000005
2023-06-16,2023-06-23,-0.33009999999999984
2023-06-19,2023-06-26,-0.479000000000001
2023-06-20,2023-06-27,-0.5433000000000003
2023-06-21,2023-06-28,-0.5820000000000007
2023-06-22,2023-06-29,-0.38649999999999984
2023-06-23,2023-06-30,-0.7210999999999999
2023-06-26,2023-07-03,-0.5511999999999997
2023-06-27,2023-07-04,-0.5630000000000006
2023-06-28,2023-07-05,-0.6517999999999997
2023-06-29,2023-07-06,-0.5831999999999997
2023-06-30,2023-07-07,-0.5988000000000007
2023-07-03,2023-07-10,-0.557500000000001
2023-07-04,2023-07-11,-0.47080000000000055
2023-07-05,2023-07-12,-0.5321999999999996
2023-07-06,2023-07-13,-0.5046999999999997
2023-07-07,2023-07-14,-0.5812000000000008
2023-07-10,2023-07-17,-0.3821000000000012
2023-07-11,2023-07-18,-0.2489000000000008
2023-07-12,2023-07-19,-0.10790000000000077
2023-07-13,2023-07-20,0.11340000000000039
2023-07-14,2023-07-21,0.18179999999999907
2023-07-17,2023-07-24,0.16169999999999973
2023-07-18,2023-07-25,0.09729999999999883
2023-07-19,2023-07-26,0.13320000000000043
2023-07-20,2023-07-27,0.20950000000000024
2023-07-21,2023-07-28,0.12340000000000018
2023-07-24,2023-07-31,0.08539999999999992
2023-07-25,2023-08-01,0.0732999999999997
2023-07-26,2023-08-02,0.04490000000000016
2023-07-27,2023-08-03,0.17019999999999946
2023-07-28,2023-08-04,0.028900000000000148
2023-07-31,2023-08-07,0.029500000000000526
2023-08-01,2023-08-08,-0.0472999999999999
2023-08-02,2023-08-09,0.011699999999999378
2023-08-03,2023-08-10,-0.1426999999999996
2023-08-04,2023-08-11,-0.04669999999999952
2023-08-07,2023-08-14,0.022599999999998843
2023-08-08,2023-08-15,-0.14830000000000076
2023-08-09,2023-08-16,-0.04490000000000016
2023-08-10,2023-08-17,0.027699999999999392
2023-08-11,2023-08-18,-0.20790000000000042
2023-08-14,2023-08-21,-0.2887000000000004
2023-08-15,2023-08-22,-0.3260000000000005
2023-08-16,2023-08-23,-0.3194999999999997
2023-08-17,2023-08-24,-0.3766999999999996
2023-08-18,2023-08-25,-0.4837000000000007
2023-08-21,2023-08-28,-0.3891000000000009
2023-08-22,2023-08-29,-0.40859999999999985
2023-08-23,2023-08-30,-0.5384000000000011
2023-08-24,2023-08-31,-0.5080000000000009
2023-08-25,2023-09-01,-0.4845000000000006
2023-08-28,2023-09-04,-0.533100000000001
2023-08-29,2023-09-05,-0.5325000000000006
2023-08-30,2023-09-06,-0.4338999999999995
2023-08-31,2023-09-07,-0.48269999999999946
2023-09-01,2023-09-08,-0.41960000000000086
2023-09-04,2023-09-11,-0.47520000000000095
2023-09-05,2023-09-12,-0.5847999999999995
2023-09-06,2023-09-13,-0.5228000000000002
2023-09-07,2023-09-14,-0.5470000000000006
2023-09-08,2023-09-15,-0.4984000000000002
2023-09-11,2023-09-18,-0.4802999999999997
2023-09-12,2023-09-19,-0.5193000000000012
2023-09-13,2023-09-20,-0.5217000000000009
2023-09-14,2023-09-21,-0.5488
2023-09-15,2023-09-22,-0.5443999999999996
2023-09-18,2023-09-25,-0.6771000000000011
2023-09-19,2023-09-26,-0.5533999999999999
2023-09-20,2023-09-27,-0.5564
2023-09-21,2023-09-28,-0.6662999999999997
2023-09-22,2023-09-29,-0.5602
2023-09-25,2023-10-02,-0.5771999999999995
2023-09-26,2023-10-03,-0.6150000000000002
2023-09-27,2023-10-04,-0.6105999999999998
2023-09-28,2023-10-05,-0.5648999999999997
2023-09-29,2023-10-06,-0.45010000000000083
2023-10-02,2023-10-09,-0.5801999999999996
2023-10-03,2023-10-10,-0.7415000000000003
2023-10-04,2023-10-11,-0.7960000000000012
2023-10-05,2023-10-12,-0.819700000000001
2023-10-06,2023-10-13,-0.8178000000000001
2023-10-09,2023-10-16,-0.7314000000000007
2023-10-10,2023-10-17,-0.6918000000000006
2023-10-11,2023-10-18,-0.6681000000000008
2023-10-12,2023-10-19,-0.6728000000000005
2023-10-13,2023-10-20,-0.7702000000000009
2023-10-16,2023-10-23,-0.7566000000000006
2023-10-17,2023-10-24,-0.7804000000000002
2023-10-18,2023-10-25,-0.8025000000000002
2023-10-19,2023-10-26,-0.9067000000000007
2023-10-20,2023-10-27,-0.8566000000000003
2023-10-23,2023-10-30,-0.9614000000000011
2023-10-24,2023-10-31,-0.9502000000000006
2023-10-25,2023-11-01,-1.020900000000001
2023-10-26,2023-11-02,-1.0752000000000006
2023-10-27,2023-11-03,-1.0489999999999995
2023-10-30,2023-11-06,-0.9455000000000009
2023-10-31,2023-11-07,-1.0090000000000003
2023-11-01,2023-11-08,-1.022400000000001
2023-11-02,2023-11-09,-0.9657
2023-11-03,2023-11-10,-0.9036000000000008
2023-11-06,2023-11-13,-0.8353999999999999
2023-11-07,2023-11-14,-0.9843000000000011
2023-11-08,2023-11-15,-1.0079000000000011
2023-11-09,2023-11-16,-0.9898000000000007
2023-11-10,2023-11-17,-0.9411000000000005
2023-11-13,2023-11-20,-0.9588000000000001
2023-11-14,2023-11-21,-0.9662000000000006
2023-11-15,2023-11-22,-0.6355000000000004
2023-11-16,2023-11-23,-0.6742000000000008
2023-11-17,2023-11-24,-0.6913
2023-11-20,2023-11-27,-0.5523000000000007
2023-11-21,2023-11-28,-0.4802999999999997
2023-11-22,2023-11-29,-0.5526
2023-11-23,2023-11-30,-0.5716000000000001
2023-11-24,2023-12-01,-0.5774000000000008
2023-11-27,2023-12-04,-0.4969000000000001
2023-11-28,2023-12-05,-0.5286000000000008
2023-11-29,2023-12-06,-0.4753000000000007
2023-11-30,2023-12-07,-0.5494000000000003
2023-12-01,2023-12-08,-0.5844000000000005
2023-12-04,2023-12-11,-0.5729000000000006
2023-12-05,2023-12-12,-0.7239000000000004
2023-12-06,2023-12-13,-0.7721
2023-12-07,2023-12-14,-0.7398000000000007
2023-12-08,2023-12-15,-0.7091000000000012
2023-12-11,2023-12-18,-0.7926000000000002
2023-12-12,2023-12-19,-0.7291000000000007
2023-12-13,2023-12-20,-0.7899000000000012
2023-12-14,2023-12-21,-0.37620000000000076
2023-12-15,2023-12-22,-0.2876000000000012
2023-12-18,2023-12-27,-0.22189999999999976
2023-12-19,2023-12-28,-0.19570000000000043
2023-12-20,2023-12-29,-0.14329999999999998
